table_schema,table_name,column_name,data_type,is_nullable
auth,audit_log_entries,instance_id,uuid,YES
auth,audit_log_entries,id,uuid,NO
auth,audit_log_entries,payload,json,YES
auth,audit_log_entries,created_at,timestamp with time zone,YES
auth,audit_log_entries,ip_address,character varying,NO
auth,custom_oauth_providers,id,uuid,NO
auth,custom_oauth_providers,provider_type,text,NO
auth,custom_oauth_providers,identifier,text,NO
auth,custom_oauth_providers,name,text,NO
auth,custom_oauth_providers,client_id,text,NO
auth,custom_oauth_providers,client_secret,text,NO
auth,custom_oauth_providers,acceptable_client_ids,ARRAY,NO
auth,custom_oauth_providers,scopes,ARRAY,NO
auth,custom_oauth_providers,pkce_enabled,boolean,NO
auth,custom_oauth_providers,attribute_mapping,jsonb,NO
auth,custom_oauth_providers,authorization_params,jsonb,NO
auth,custom_oauth_providers,enabled,boolean,NO
auth,custom_oauth_providers,email_optional,boolean,NO
auth,custom_oauth_providers,issuer,text,YES
auth,custom_oauth_providers,discovery_url,text,YES
auth,custom_oauth_providers,skip_nonce_check,boolean,NO
auth,custom_oauth_providers,cached_discovery,jsonb,YES
auth,custom_oauth_providers,discovery_cached_at,timestamp with time zone,YES
auth,custom_oauth_providers,authorization_url,text,YES
auth,custom_oauth_providers,token_url,text,YES
auth,custom_oauth_providers,userinfo_url,text,YES
auth,custom_oauth_providers,jwks_uri,text,YES
auth,custom_oauth_providers,created_at,timestamp with time zone,NO
auth,custom_oauth_providers,updated_at,timestamp with time zone,NO
auth,custom_oauth_providers,custom_claims_allowlist,ARRAY,NO
auth,flow_state,id,uuid,NO
auth,flow_state,user_id,uuid,YES
auth,flow_state,auth_code,text,YES
auth,flow_state,code_challenge_method,USER-DEFINED,YES
auth,flow_state,code_challenge,text,YES
auth,flow_state,provider_type,text,NO
auth,flow_state,provider_access_token,text,YES
auth,flow_state,provider_refresh_token,text,YES
auth,flow_state,created_at,timestamp with time zone,YES
auth,flow_state,updated_at,timestamp with time zone,YES
auth,flow_state,authentication_method,text,NO
auth,flow_state,auth_code_issued_at,timestamp with time zone,YES
auth,flow_state,invite_token,text,YES
auth,flow_state,referrer,text,YES
auth,flow_state,oauth_client_state_id,uuid,YES
auth,flow_state,linking_target_id,uuid,YES
auth,flow_state,email_optional,boolean,NO
auth,identities,provider_id,text,NO
auth,identities,user_id,uuid,NO
auth,identities,identity_data,jsonb,NO
auth,identities,provider,text,NO
auth,identities,last_sign_in_at,timestamp with time zone,YES
auth,identities,created_at,timestamp with time zone,YES
auth,identities,updated_at,timestamp with time zone,YES
auth,identities,email,text,YES
auth,identities,id,uuid,NO
auth,instances,id,uuid,NO
auth,instances,uuid,uuid,YES
auth,instances,raw_base_config,text,YES
auth,instances,created_at,timestamp with time zone,YES
auth,instances,updated_at,timestamp with time zone,YES
auth,mfa_amr_claims,session_id,uuid,NO
auth,mfa_amr_claims,created_at,timestamp with time zone,NO
auth,mfa_amr_claims,updated_at,timestamp with time zone,NO
auth,mfa_amr_claims,authentication_method,text,NO
auth,mfa_amr_claims,id,uuid,NO
auth,mfa_challenges,id,uuid,NO
auth,mfa_challenges,factor_id,uuid,NO
auth,mfa_challenges,created_at,timestamp with time zone,NO
auth,mfa_challenges,verified_at,timestamp with time zone,YES
auth,mfa_challenges,ip_address,inet,NO
auth,mfa_challenges,otp_code,text,YES
auth,mfa_challenges,web_authn_session_data,jsonb,YES
auth,mfa_factors,id,uuid,NO
auth,mfa_factors,user_id,uuid,NO
auth,mfa_factors,friendly_name,text,YES
auth,mfa_factors,factor_type,USER-DEFINED,NO
auth,mfa_factors,status,USER-DEFINED,NO
auth,mfa_factors,created_at,timestamp with time zone,NO
auth,mfa_factors,updated_at,timestamp with time zone,NO
auth,mfa_factors,secret,text,YES
auth,mfa_factors,phone,text,YES
auth,mfa_factors,last_challenged_at,timestamp with time zone,YES
auth,mfa_factors,web_authn_credential,jsonb,YES
auth,mfa_factors,web_authn_aaguid,uuid,YES
auth,mfa_factors,last_webauthn_challenge_data,jsonb,YES
auth,oauth_authorizations,id,uuid,NO
auth,oauth_authorizations,authorization_id,text,NO
auth,oauth_authorizations,client_id,uuid,NO
auth,oauth_authorizations,user_id,uuid,YES
auth,oauth_authorizations,redirect_uri,text,NO
auth,oauth_authorizations,scope,text,NO
auth,oauth_authorizations,state,text,YES
auth,oauth_authorizations,resource,text,YES
auth,oauth_authorizations,code_challenge,text,YES
auth,oauth_authorizations,code_challenge_method,USER-DEFINED,YES
auth,oauth_authorizations,response_type,USER-DEFINED,NO
auth,oauth_authorizations,status,USER-DEFINED,NO
auth,oauth_authorizations,authorization_code,text,YES
auth,oauth_authorizations,created_at,timestamp with time zone,NO
auth,oauth_authorizations,expires_at,timestamp with time zone,NO
auth,oauth_authorizations,approved_at,timestamp with time zone,YES
auth,oauth_authorizations,nonce,text,YES
auth,oauth_client_states,id,uuid,NO
auth,oauth_client_states,provider_type,text,NO
auth,oauth_client_states,code_verifier,text,YES
auth,oauth_client_states,created_at,timestamp with time zone,NO
auth,oauth_clients,id,uuid,NO
auth,oauth_clients,client_secret_hash,text,YES
auth,oauth_clients,registration_type,USER-DEFINED,NO
auth,oauth_clients,redirect_uris,text,NO
auth,oauth_clients,grant_types,text,NO
auth,oauth_clients,client_name,text,YES
auth,oauth_clients,client_uri,text,YES
auth,oauth_clients,logo_uri,text,YES
auth,oauth_clients,created_at,timestamp with time zone,NO
auth,oauth_clients,updated_at,timestamp with time zone,NO
auth,oauth_clients,deleted_at,timestamp with time zone,YES
auth,oauth_clients,client_type,USER-DEFINED,NO
auth,oauth_clients,token_endpoint_auth_method,text,NO
auth,oauth_consents,id,uuid,NO
auth,oauth_consents,user_id,uuid,NO
auth,oauth_consents,client_id,uuid,NO
auth,oauth_consents,scopes,text,NO
auth,oauth_consents,granted_at,timestamp with time zone,NO
auth,oauth_consents,revoked_at,timestamp with time zone,YES
auth,one_time_tokens,id,uuid,NO
auth,one_time_tokens,user_id,uuid,NO
auth,one_time_tokens,token_type,USER-DEFINED,NO
auth,one_time_tokens,token_hash,text,NO
auth,one_time_tokens,relates_to,text,NO
auth,one_time_tokens,created_at,timestamp without time zone,NO
auth,one_time_tokens,updated_at,timestamp without time zone,NO
auth,refresh_tokens,instance_id,uuid,YES
auth,refresh_tokens,id,bigint,NO
auth,refresh_tokens,token,character varying,YES
auth,refresh_tokens,user_id,character varying,YES
auth,refresh_tokens,revoked,boolean,YES
auth,refresh_tokens,created_at,timestamp with time zone,YES
auth,refresh_tokens,updated_at,timestamp with time zone,YES
auth,refresh_tokens,parent,character varying,YES
auth,refresh_tokens,session_id,uuid,YES
auth,saml_providers,id,uuid,NO
auth,saml_providers,sso_provider_id,uuid,NO
auth,saml_providers,entity_id,text,NO
auth,saml_providers,metadata_xml,text,NO
auth,saml_providers,metadata_url,text,YES
auth,saml_providers,attribute_mapping,jsonb,YES
auth,saml_providers,created_at,timestamp with time zone,YES
auth,saml_providers,updated_at,timestamp with time zone,YES
auth,saml_providers,name_id_format,text,YES
auth,saml_relay_states,id,uuid,NO
auth,saml_relay_states,sso_provider_id,uuid,NO
auth,saml_relay_states,request_id,text,NO
auth,saml_relay_states,for_email,text,YES
auth,saml_relay_states,redirect_to,text,YES
auth,saml_relay_states,created_at,timestamp with time zone,YES
auth,saml_relay_states,updated_at,timestamp with time zone,YES
auth,saml_relay_states,flow_state_id,uuid,YES
auth,schema_migrations,version,character varying,NO
auth,sessions,id,uuid,NO
auth,sessions,user_id,uuid,NO
auth,sessions,created_at,timestamp with time zone,YES
auth,sessions,updated_at,timestamp with time zone,YES
auth,sessions,factor_id,uuid,YES
auth,sessions,aal,USER-DEFINED,YES
auth,sessions,not_after,timestamp with time zone,YES
auth,sessions,refreshed_at,timestamp without time zone,YES
auth,sessions,user_agent,text,YES
auth,sessions,ip,inet,YES
auth,sessions,tag,text,YES
auth,sessions,oauth_client_id,uuid,YES
auth,sessions,refresh_token_hmac_key,text,YES
auth,sessions,refresh_token_counter,bigint,YES
auth,sessions,scopes,text,YES
auth,sso_domains,id,uuid,NO
auth,sso_domains,sso_provider_id,uuid,NO
auth,sso_domains,domain,text,NO
auth,sso_domains,created_at,timestamp with time zone,YES
auth,sso_domains,updated_at,timestamp with time zone,YES
auth,sso_providers,id,uuid,NO
auth,sso_providers,resource_id,text,YES
auth,sso_providers,created_at,timestamp with time zone,YES
auth,sso_providers,updated_at,timestamp with time zone,YES
auth,sso_providers,disabled,boolean,YES
auth,users,instance_id,uuid,YES
auth,users,id,uuid,NO
auth,users,aud,character varying,YES
auth,users,role,character varying,YES
auth,users,email,character varying,YES
auth,users,encrypted_password,character varying,YES
auth,users,email_confirmed_at,timestamp with time zone,YES
auth,users,invited_at,timestamp with time zone,YES
auth,users,confirmation_token,character varying,YES
auth,users,confirmation_sent_at,timestamp with time zone,YES
auth,users,recovery_token,character varying,YES
auth,users,recovery_sent_at,timestamp with time zone,YES
auth,users,email_change_token_new,character varying,YES
auth,users,email_change,character varying,YES
auth,users,email_change_sent_at,timestamp with time zone,YES
auth,users,last_sign_in_at,timestamp with time zone,YES
auth,users,raw_app_meta_data,jsonb,YES
auth,users,raw_user_meta_data,jsonb,YES
auth,users,is_super_admin,boolean,YES
auth,users,created_at,timestamp with time zone,YES
auth,users,updated_at,timestamp with time zone,YES
auth,users,phone,text,YES
auth,users,phone_confirmed_at,timestamp with time zone,YES
auth,users,phone_change,text,YES
auth,users,phone_change_token,character varying,YES
auth,users,phone_change_sent_at,timestamp with time zone,YES
auth,users,confirmed_at,timestamp with time zone,YES
auth,users,email_change_token_current,character varying,YES
auth,users,email_change_confirm_status,smallint,YES
auth,users,banned_until,timestamp with time zone,YES
auth,users,reauthentication_token,character varying,YES
auth,users,reauthentication_sent_at,timestamp with time zone,YES
auth,users,is_sso_user,boolean,NO
auth,users,deleted_at,timestamp with time zone,YES
auth,users,is_anonymous,boolean,NO
auth,webauthn_challenges,id,uuid,NO
auth,webauthn_challenges,user_id,uuid,YES
auth,webauthn_challenges,challenge_type,text,NO
auth,webauthn_challenges,session_data,jsonb,NO
auth,webauthn_challenges,created_at,timestamp with time zone,NO
auth,webauthn_challenges,expires_at,timestamp with time zone,NO
auth,webauthn_credentials,id,uuid,NO
auth,webauthn_credentials,user_id,uuid,NO
auth,webauthn_credentials,credential_id,bytea,NO
auth,webauthn_credentials,public_key,bytea,NO
auth,webauthn_credentials,attestation_type,text,NO
auth,webauthn_credentials,aaguid,uuid,YES
auth,webauthn_credentials,sign_count,bigint,NO
auth,webauthn_credentials,transports,jsonb,NO
auth,webauthn_credentials,backup_eligible,boolean,NO
auth,webauthn_credentials,backed_up,boolean,NO
auth,webauthn_credentials,friendly_name,text,NO
auth,webauthn_credentials,created_at,timestamp with time zone,NO
auth,webauthn_credentials,updated_at,timestamp with time zone,NO
auth,webauthn_credentials,last_used_at,timestamp with time zone,YES
public,activity_logs,id,uuid,NO
public,activity_logs,company_id,uuid,YES
public,activity_logs,actor_id,uuid,YES
public,activity_logs,activity_type,text,NO
public,activity_logs,subject_type,text,YES
public,activity_logs,subject_id,uuid,YES
public,activity_logs,message,text,YES
public,activity_logs,metadata,jsonb,NO
public,activity_logs,created_by,uuid,YES
public,activity_logs,updated_by,uuid,YES
public,activity_logs,deleted_by,uuid,YES
public,activity_logs,created_at,timestamp with time zone,NO
public,activity_logs,updated_at,timestamp with time zone,NO
public,activity_logs,deleted_at,timestamp with time zone,YES
public,advance_payment_requests,id,uuid,NO
public,advance_payment_requests,quote_id,uuid,YES
public,advance_payment_requests,order_id,uuid,YES
public,advance_payment_requests,amount,numeric,NO
public,advance_payment_requests,status,text,NO
public,advance_payment_requests,payment_link,text,YES
public,advance_payment_requests,expires_at,timestamp with time zone,YES
public,advance_payment_requests,metadata,jsonb,NO
public,advance_payment_requests,created_by,uuid,YES
public,advance_payment_requests,updated_by,uuid,YES
public,advance_payment_requests,deleted_by,uuid,YES
public,advance_payment_requests,created_at,timestamp with time zone,NO
public,advance_payment_requests,updated_at,timestamp with time zone,NO
public,advance_payment_requests,deleted_at,timestamp with time zone,YES
public,agent_commission_rules,id,uuid,NO
public,agent_commission_rules,company_id,uuid,YES
public,agent_commission_rules,name,text,NO
public,agent_commission_rules,product_category_id,uuid,YES
public,agent_commission_rules,commission_type,USER-DEFINED,NO
public,agent_commission_rules,commission_value,numeric,NO
public,agent_commission_rules,min_order_amount,numeric,NO
public,agent_commission_rules,starts_at,timestamp with time zone,YES
public,agent_commission_rules,ends_at,timestamp with time zone,YES
public,agent_commission_rules,status,USER-DEFINED,NO
public,agent_commission_rules,metadata,jsonb,NO
public,agent_commission_rules,created_by,uuid,YES
public,agent_commission_rules,updated_by,uuid,YES
public,agent_commission_rules,deleted_by,uuid,YES
public,agent_commission_rules,created_at,timestamp with time zone,NO
public,agent_commission_rules,updated_at,timestamp with time zone,NO
public,agent_commission_rules,deleted_at,timestamp with time zone,YES
public,agent_redemption_requests,id,uuid,NO
public,agent_redemption_requests,agent_id,uuid,YES
public,agent_redemption_requests,points_to_redeem,integer,NO
public,agent_redemption_requests,status,text,NO
public,agent_redemption_requests,processed_at,timestamp with time zone,YES
public,agent_redemption_requests,metadata,jsonb,NO
public,agent_redemption_requests,created_by,uuid,YES
public,agent_redemption_requests,updated_by,uuid,YES
public,agent_redemption_requests,deleted_by,uuid,YES
public,agent_redemption_requests,created_at,timestamp with time zone,NO
public,agent_redemption_requests,updated_at,timestamp with time zone,NO
public,agent_redemption_requests,deleted_at,timestamp with time zone,YES
public,amc_contracts,id,uuid,NO
public,amc_contracts,company_id,uuid,YES
public,amc_contracts,customer_id,uuid,YES
public,amc_contracts,contract_number,text,NO
public,amc_contracts,starts_at,date,NO
public,amc_contracts,ends_at,date,NO
public,amc_contracts,amount,numeric,NO
public,amc_contracts,status,text,NO
public,amc_contracts,coverage,jsonb,NO
public,amc_contracts,metadata,jsonb,NO
public,amc_contracts,created_by,uuid,YES
public,amc_contracts,updated_by,uuid,YES
public,amc_contracts,deleted_by,uuid,YES
public,amc_contracts,created_at,timestamp with time zone,NO
public,amc_contracts,updated_at,timestamp with time zone,NO
public,amc_contracts,deleted_at,timestamp with time zone,YES
public,analytics_events,id,uuid,NO
public,analytics_events,company_id,uuid,YES
public,analytics_events,user_id,uuid,YES
public,analytics_events,anonymous_id,text,YES
public,analytics_events,event_name,text,NO
public,analytics_events,event_type,text,YES
public,analytics_events,page_url,text,YES
public,analytics_events,properties,jsonb,NO
public,analytics_events,occurred_at,timestamp with time zone,NO
public,analytics_events,metadata,jsonb,NO
public,analytics_events,created_by,uuid,YES
public,analytics_events,updated_by,uuid,YES
public,analytics_events,deleted_by,uuid,YES
public,analytics_events,created_at,timestamp with time zone,NO
public,analytics_events,updated_at,timestamp with time zone,NO
public,analytics_events,deleted_at,timestamp with time zone,YES
public,api_clients,id,uuid,NO
public,api_clients,client_name,text,NO
public,api_clients,contact_email,text,NO
public,api_clients,status,text,NO
public,api_clients,allowed_ip_ranges,ARRAY,NO
public,api_clients,created_at,timestamp with time zone,NO
public,api_keys,id,uuid,NO
public,api_keys,company_id,uuid,YES
public,api_keys,user_id,uuid,YES
public,api_keys,name,text,NO
public,api_keys,key_hash,text,NO
public,api_keys,key_prefix,text,NO
public,api_keys,scopes,ARRAY,NO
public,api_keys,last_used_at,timestamp with time zone,YES
public,api_keys,expires_at,timestamp with time zone,YES
public,api_keys,status,USER-DEFINED,NO
public,api_keys,metadata,jsonb,NO
public,api_keys,created_by,uuid,YES
public,api_keys,updated_by,uuid,YES
public,api_keys,deleted_by,uuid,YES
public,api_keys,created_at,timestamp with time zone,NO
public,api_keys,updated_at,timestamp with time zone,NO
public,api_keys,deleted_at,timestamp with time zone,YES
public,api_permissions,id,uuid,NO
public,api_permissions,resource,text,NO
public,api_permissions,action,text,NO
public,api_permissions,description,text,YES
public,api_permissions,created_at,timestamp with time zone,NO
public,api_rate_limits,id,uuid,NO
public,api_rate_limits,client_id,uuid,NO
public,api_rate_limits,per_minute,integer,NO
public,api_rate_limits,per_hour,integer,NO
public,api_rate_limits,per_day,integer,NO
public,api_rate_limits,burst_limit,integer,YES
public,api_rate_limits,created_at,timestamp with time zone,NO
public,api_request_logs,id,uuid,NO
public,api_request_logs,client_id,uuid,YES
public,api_request_logs,api_key_id,uuid,YES
public,api_request_logs,method,text,NO
public,api_request_logs,endpoint,text,NO
public,api_request_logs,status_code,integer,NO
public,api_request_logs,response_time_ms,numeric,NO
public,api_request_logs,request_size_bytes,numeric,YES
public,api_request_logs,response_size_bytes,numeric,YES
public,api_request_logs,correlation_id,text,NO
public,api_request_logs,error_code,text,YES
public,api_request_logs,created_at,timestamp with time zone,NO
public,api_versions,id,uuid,NO
public,api_versions,version,text,NO
public,api_versions,base_path,text,NO
public,api_versions,status,text,NO
public,api_versions,deprecated_at,timestamp with time zone,YES
public,api_versions,sunset_at,timestamp with time zone,YES
public,api_versions,created_at,timestamp with time zone,NO
public,application_logs,id,uuid,NO
public,application_logs,level,text,NO
public,application_logs,module,text,NO
public,application_logs,message,text,NO
public,application_logs,correlation_id,text,YES
public,application_logs,context,jsonb,YES
public,application_logs,logged_at,timestamp with time zone,NO
public,area_pincodes,id,uuid,NO
public,area_pincodes,company_id,uuid,YES
public,area_pincodes,branch_id,uuid,YES
public,area_pincodes,pincode,text,NO
public,area_pincodes,city,text,YES
public,area_pincodes,state,text,YES
public,area_pincodes,is_serviceable,boolean,NO
public,area_pincodes,service_types,ARRAY,NO
public,area_pincodes,metadata,jsonb,NO
public,area_pincodes,created_by,uuid,YES
public,area_pincodes,updated_by,uuid,YES
public,area_pincodes,deleted_by,uuid,YES
public,area_pincodes,created_at,timestamp with time zone,NO
public,area_pincodes,updated_at,timestamp with time zone,NO
public,area_pincodes,deleted_at,timestamp with time zone,YES
public,attendance,id,uuid,NO
public,attendance,staff_id,uuid,NO
public,attendance,attendance_date,date,NO
public,attendance,check_in_at,timestamp with time zone,YES
public,attendance,check_out_at,timestamp with time zone,YES
public,attendance,status,text,NO
public,attendance,metadata,jsonb,NO
public,attendance,created_by,uuid,YES
public,attendance,updated_by,uuid,YES
public,attendance,deleted_by,uuid,YES
public,attendance,created_at,timestamp with time zone,NO
public,attendance,updated_at,timestamp with time zone,NO
public,attendance,deleted_at,timestamp with time zone,YES
public,audit_logs,id,uuid,NO
public,audit_logs,company_id,uuid,YES
public,audit_logs,actor_id,uuid,YES
public,audit_logs,action,text,NO
public,audit_logs,table_name,text,YES
public,audit_logs,record_id,uuid,YES
public,audit_logs,old_values,jsonb,YES
public,audit_logs,new_values,jsonb,YES
public,audit_logs,ip_address,inet,YES
public,audit_logs,user_agent,text,YES
public,audit_logs,metadata,jsonb,NO
public,audit_logs,created_by,uuid,YES
public,audit_logs,updated_by,uuid,YES
public,audit_logs,deleted_by,uuid,YES
public,audit_logs,created_at,timestamp with time zone,NO
public,audit_logs,updated_at,timestamp with time zone,NO
public,audit_logs,deleted_at,timestamp with time zone,YES
public,auto_offers,id,uuid,NO
public,auto_offers,company_id,uuid,YES
public,auto_offers,name,text,NO
public,auto_offers,trigger_type,text,NO
public,auto_offers,rules,jsonb,NO
public,auto_offers,offer_id,uuid,YES
public,auto_offers,status,USER-DEFINED,NO
public,auto_offers,metadata,jsonb,NO
public,auto_offers,created_by,uuid,YES
public,auto_offers,updated_by,uuid,YES
public,auto_offers,deleted_by,uuid,YES
public,auto_offers,created_at,timestamp with time zone,NO
public,auto_offers,updated_at,timestamp with time zone,NO
public,auto_offers,deleted_at,timestamp with time zone,YES
public,blog_posts,id,uuid,NO
public,blog_posts,company_id,uuid,YES
public,blog_posts,slug,text,NO
public,blog_posts,title,text,NO
public,blog_posts,excerpt,text,YES
public,blog_posts,body,text,YES
public,blog_posts,cover_image_url,text,YES
public,blog_posts,author_id,uuid,YES
public,blog_posts,published_at,timestamp with time zone,YES
public,blog_posts,status,USER-DEFINED,NO
public,blog_posts,tags,ARRAY,NO
public,blog_posts,metadata,jsonb,NO
public,blog_posts,search_vector,tsvector,YES
public,blog_posts,created_by,uuid,YES
public,blog_posts,updated_by,uuid,YES
public,blog_posts,deleted_by,uuid,YES
public,blog_posts,created_at,timestamp with time zone,NO
public,blog_posts,updated_at,timestamp with time zone,NO
public,blog_posts,deleted_at,timestamp with time zone,YES
public,branches,id,uuid,NO
public,branches,company_id,uuid,NO
public,branches,code,text,NO
public,branches,name,text,NO
public,branches,branch_type,text,NO
public,branches,address,jsonb,NO
public,branches,pincode,text,YES
public,branches,phone,text,YES
public,branches,email,USER-DEFINED,YES
public,branches,is_head_office,boolean,NO
public,branches,status,USER-DEFINED,NO
public,branches,metadata,jsonb,NO
public,branches,created_by,uuid,YES
public,branches,updated_by,uuid,YES
public,branches,deleted_by,uuid,YES
public,branches,created_at,timestamp with time zone,NO
public,branches,updated_at,timestamp with time zone,NO
public,branches,deleted_at,timestamp with time zone,YES
public,brands,id,uuid,NO
public,brands,company_id,uuid,YES
public,brands,name,text,NO
public,brands,slug,text,NO
public,brands,logo_url,text,YES
public,brands,description,text,YES
public,brands,status,USER-DEFINED,NO
public,brands,metadata,jsonb,NO
public,brands,created_by,uuid,YES
public,brands,updated_by,uuid,YES
public,brands,deleted_by,uuid,YES
public,brands,created_at,timestamp with time zone,NO
public,brands,updated_at,timestamp with time zone,NO
public,brands,deleted_at,timestamp with time zone,YES
public,broadcast_messages,id,uuid,NO
public,broadcast_messages,campaign_id,uuid,YES
public,broadcast_messages,channel,text,NO
public,broadcast_messages,recipient,text,NO
public,broadcast_messages,content,text,NO
public,broadcast_messages,status,text,NO
public,broadcast_messages,sent_at,timestamp with time zone,YES
public,broadcast_messages,delivered_at,timestamp with time zone,YES
public,broadcast_messages,read_at,timestamp with time zone,YES
public,broadcast_messages,metadata,jsonb,NO
public,broadcast_messages,created_by,uuid,YES
public,broadcast_messages,updated_by,uuid,YES
public,broadcast_messages,deleted_by,uuid,YES
public,broadcast_messages,created_at,timestamp with time zone,NO
public,broadcast_messages,updated_at,timestamp with time zone,NO
public,broadcast_messages,deleted_at,timestamp with time zone,YES
public,calendar_events,id,uuid,NO
public,calendar_events,company_id,uuid,YES
public,calendar_events,owner_id,uuid,YES
public,calendar_events,title,text,NO
public,calendar_events,description,text,YES
public,calendar_events,starts_at,timestamp with time zone,NO
public,calendar_events,ends_at,timestamp with time zone,NO
public,calendar_events,location,text,YES
public,calendar_events,related_type,text,YES
public,calendar_events,related_id,uuid,YES
public,calendar_events,metadata,jsonb,NO
public,calendar_events,created_by,uuid,YES
public,calendar_events,updated_by,uuid,YES
public,calendar_events,deleted_by,uuid,YES
public,calendar_events,created_at,timestamp with time zone,NO
public,calendar_events,updated_at,timestamp with time zone,NO
public,calendar_events,deleted_at,timestamp with time zone,YES
public,cart_items,id,uuid,NO
public,cart_items,cart_id,uuid,NO
public,cart_items,product_id,uuid,NO
public,cart_items,variant_id,uuid,YES
public,cart_items,quantity,integer,NO
public,cart_items,unit_price,numeric,NO
public,cart_items,metadata,jsonb,NO
public,cart_items,created_by,uuid,YES
public,cart_items,updated_by,uuid,YES
public,cart_items,deleted_by,uuid,YES
public,cart_items,created_at,timestamp with time zone,NO
public,cart_items,updated_at,timestamp with time zone,NO
public,cart_items,deleted_at,timestamp with time zone,YES
public,carts,id,uuid,NO
public,carts,user_id,uuid,YES
public,carts,customer_id,uuid,YES
public,carts,company_id,uuid,YES
public,carts,status,text,NO
public,carts,currency_code,character,NO
public,carts,metadata,jsonb,NO
public,carts,created_by,uuid,YES
public,carts,updated_by,uuid,YES
public,carts,deleted_by,uuid,YES
public,carts,created_at,timestamp with time zone,NO
public,carts,updated_at,timestamp with time zone,NO
public,carts,deleted_at,timestamp with time zone,YES
public,categories,id,uuid,NO
public,categories,company_id,uuid,YES
public,categories,parent_id,uuid,YES
public,categories,name,text,NO
public,categories,slug,text,NO
public,categories,description,text,YES
public,categories,image_url,text,YES
public,categories,sort_order,integer,NO
public,categories,status,USER-DEFINED,NO
public,categories,metadata,jsonb,NO
public,categories,created_by,uuid,YES
public,categories,updated_by,uuid,YES
public,categories,deleted_by,uuid,YES
public,categories,created_at,timestamp with time zone,NO
public,categories,updated_at,timestamp with time zone,NO
public,categories,deleted_at,timestamp with time zone,YES
public,chat_messages,id,uuid,NO
public,chat_messages,conversation_id,uuid,YES
public,chat_messages,message_id,text,YES
public,chat_messages,sender_number,text,NO
public,chat_messages,direction,USER-DEFINED,NO
public,chat_messages,message_content,text,NO
public,chat_messages,timestamp,timestamp with time zone,NO
public,chat_messages,status,text,NO
public,chat_messages,media_url,text,YES
public,chat_messages,media_type,text,YES
public,chat_messages,metadata,jsonb,NO
public,chat_messages,created_by,uuid,YES
public,chat_messages,updated_by,uuid,YES
public,chat_messages,deleted_by,uuid,YES
public,chat_messages,created_at,timestamp with time zone,NO
public,chat_messages,updated_at,timestamp with time zone,NO
public,chat_messages,deleted_at,timestamp with time zone,YES
public,cms_announcements,id,uuid,NO
public,cms_announcements,message,text,NO
public,cms_announcements,link_url,text,YES
public,cms_announcements,is_active,boolean,YES
public,cms_announcements,display_order,integer,YES
public,cms_announcements,created_by,uuid,YES
public,cms_announcements,updated_by,uuid,YES
public,cms_announcements,created_at,timestamp with time zone,NO
public,cms_announcements,updated_at,timestamp with time zone,NO
public,cms_announcements,deleted_at,timestamp with time zone,YES
public,cms_authors,id,uuid,NO
public,cms_authors,user_id,uuid,YES
public,cms_authors,display_name,text,NO
public,cms_authors,bio,text,YES
public,cms_authors,avatar_url,text,YES
public,cms_authors,social_links,jsonb,YES
public,cms_authors,created_by,uuid,YES
public,cms_authors,updated_by,uuid,YES
public,cms_authors,created_at,timestamp with time zone,NO
public,cms_authors,updated_at,timestamp with time zone,NO
public,cms_authors,deleted_at,timestamp with time zone,YES
public,cms_banners,id,uuid,NO
public,cms_banners,title,text,NO
public,cms_banners,content,text,YES
public,cms_banners,link_url,text,YES
public,cms_banners,media_id,uuid,YES
public,cms_banners,placement,text,YES
public,cms_banners,is_active,boolean,YES
public,cms_banners,start_date,timestamp with time zone,YES
public,cms_banners,end_date,timestamp with time zone,YES
public,cms_banners,created_by,uuid,YES
public,cms_banners,updated_by,uuid,YES
public,cms_banners,created_at,timestamp with time zone,NO
public,cms_banners,updated_at,timestamp with time zone,NO
public,cms_banners,deleted_at,timestamp with time zone,YES
public,cms_blog_categories,id,uuid,NO
public,cms_blog_categories,name,text,NO
public,cms_blog_categories,slug,text,NO
public,cms_blog_categories,parent_id,uuid,YES
public,cms_blog_categories,description,text,YES
public,cms_blog_categories,created_by,uuid,YES
public,cms_blog_categories,updated_by,uuid,YES
public,cms_blog_categories,created_at,timestamp with time zone,NO
public,cms_blog_categories,updated_at,timestamp with time zone,NO
public,cms_blog_categories,deleted_at,timestamp with time zone,YES
public,cms_blog_post_tags,id,uuid,NO
public,cms_blog_post_tags,blog_id,uuid,NO
public,cms_blog_post_tags,tag_id,uuid,NO
public,cms_blog_post_tags,created_at,timestamp with time zone,NO
public,cms_blog_tags,id,uuid,NO
public,cms_blog_tags,name,text,NO
public,cms_blog_tags,slug,text,NO
public,cms_blog_tags,created_by,uuid,YES
public,cms_blog_tags,updated_by,uuid,YES
public,cms_blog_tags,created_at,timestamp with time zone,NO
public,cms_blog_tags,updated_at,timestamp with time zone,NO
public,cms_blog_tags,deleted_at,timestamp with time zone,YES
public,cms_blogs,id,uuid,NO
public,cms_blogs,title,text,NO
public,cms_blogs,slug,text,NO
public,cms_blogs,excerpt,text,YES
public,cms_blogs,content,jsonb,NO
public,cms_blogs,author_id,uuid,YES
public,cms_blogs,category_id,uuid,YES
public,cms_blogs,featured_image_id,uuid,YES
public,cms_blogs,status,USER-DEFINED,YES
public,cms_blogs,published_at,timestamp with time zone,YES
public,cms_blogs,read_time_minutes,integer,YES
public,cms_blogs,created_by,uuid,YES
public,cms_blogs,updated_by,uuid,YES
public,cms_blogs,created_at,timestamp with time zone,NO
public,cms_blogs,updated_at,timestamp with time zone,NO
public,cms_blogs,deleted_at,timestamp with time zone,YES
public,cms_faqs,id,uuid,NO
public,cms_faqs,question,text,NO
public,cms_faqs,answer,text,NO
public,cms_faqs,category,text,YES
public,cms_faqs,display_order,integer,YES
public,cms_faqs,is_active,boolean,YES
public,cms_faqs,created_by,uuid,YES
public,cms_faqs,updated_by,uuid,YES
public,cms_faqs,created_at,timestamp with time zone,NO
public,cms_faqs,updated_at,timestamp with time zone,NO
public,cms_faqs,deleted_at,timestamp with time zone,YES
public,cms_galleries,id,uuid,NO
public,cms_galleries,name,text,NO
public,cms_galleries,description,text,YES
public,cms_galleries,created_by,uuid,YES
public,cms_galleries,updated_by,uuid,YES
public,cms_galleries,created_at,timestamp with time zone,NO
public,cms_galleries,updated_at,timestamp with time zone,NO
public,cms_galleries,deleted_at,timestamp with time zone,YES
public,cms_gallery_items,id,uuid,NO
public,cms_gallery_items,gallery_id,uuid,NO
public,cms_gallery_items,media_id,uuid,NO
public,cms_gallery_items,display_order,integer,YES
public,cms_gallery_items,created_by,uuid,YES
public,cms_gallery_items,updated_by,uuid,YES
public,cms_gallery_items,created_at,timestamp with time zone,NO
public,cms_gallery_items,updated_at,timestamp with time zone,NO
public,cms_gallery_items,deleted_at,timestamp with time zone,YES
public,cms_heroes,id,uuid,NO
public,cms_heroes,page_id,uuid,YES
public,cms_heroes,title,text,NO
public,cms_heroes,subtitle,text,YES
public,cms_heroes,cta_text,text,YES
public,cms_heroes,cta_url,text,YES
public,cms_heroes,background_media_id,uuid,YES
public,cms_heroes,is_active,boolean,YES
public,cms_heroes,created_by,uuid,YES
public,cms_heroes,updated_by,uuid,YES
public,cms_heroes,created_at,timestamp with time zone,NO
public,cms_heroes,updated_at,timestamp with time zone,NO
public,cms_heroes,deleted_at,timestamp with time zone,YES
public,cms_media_library,id,uuid,NO
public,cms_media_library,file_name,text,NO
public,cms_media_library,file_url,text,NO
public,cms_media_library,mime_type,text,YES
public,cms_media_library,size_bytes,bigint,YES
public,cms_media_library,alt_text,text,YES
public,cms_media_library,title,text,YES
public,cms_media_library,created_by,uuid,YES
public,cms_media_library,updated_by,uuid,YES
public,cms_media_library,created_at,timestamp with time zone,NO
public,cms_media_library,updated_at,timestamp with time zone,NO
public,cms_media_library,deleted_at,timestamp with time zone,YES
public,cms_menu_items,id,uuid,NO
public,cms_menu_items,menu_id,uuid,NO
public,cms_menu_items,parent_id,uuid,YES
public,cms_menu_items,title,text,NO
public,cms_menu_items,url,text,NO
public,cms_menu_items,icon,text,YES
public,cms_menu_items,open_in_new_tab,boolean,YES
public,cms_menu_items,display_order,integer,YES
public,cms_menu_items,created_by,uuid,YES
public,cms_menu_items,updated_by,uuid,YES
public,cms_menu_items,created_at,timestamp with time zone,NO
public,cms_menu_items,updated_at,timestamp with time zone,NO
public,cms_menu_items,deleted_at,timestamp with time zone,YES
public,cms_menus,id,uuid,NO
public,cms_menus,name,text,NO
public,cms_menus,location,USER-DEFINED,NO
public,cms_menus,is_active,boolean,YES
public,cms_menus,created_by,uuid,YES
public,cms_menus,updated_by,uuid,YES
public,cms_menus,created_at,timestamp with time zone,NO
public,cms_menus,updated_at,timestamp with time zone,NO
public,cms_menus,deleted_at,timestamp with time zone,YES
public,cms_newsletters,id,uuid,NO
public,cms_newsletters,email,text,NO
public,cms_newsletters,status,text,YES
public,cms_newsletters,subscribed_at,timestamp with time zone,NO
public,cms_newsletters,unsubscribed_at,timestamp with time zone,YES
public,cms_newsletters,created_at,timestamp with time zone,NO
public,cms_newsletters,updated_at,timestamp with time zone,NO
public,cms_newsletters,deleted_at,timestamp with time zone,YES
public,cms_pages,id,uuid,NO
public,cms_pages,company_id,uuid,YES
public,cms_pages,page_key,text,NO
public,cms_pages,slug,text,YES
public,cms_pages,title,text,YES
public,cms_pages,content,jsonb,NO
public,cms_pages,status,USER-DEFINED,NO
public,cms_pages,is_active,boolean,NO
public,cms_pages,seo,jsonb,NO
public,cms_pages,metadata,jsonb,NO
public,cms_pages,created_by,uuid,YES
public,cms_pages,updated_by,uuid,YES
public,cms_pages,deleted_by,uuid,YES
public,cms_pages,created_at,timestamp with time zone,NO
public,cms_pages,updated_at,timestamp with time zone,NO
public,cms_pages,deleted_at,timestamp with time zone,YES
public,cms_pages,is_homepage,boolean,YES
public,cms_popups,id,uuid,NO
public,cms_popups,title,text,NO
public,cms_popups,content,text,NO
public,cms_popups,trigger_type,text,YES
public,cms_popups,delay_seconds,integer,YES
public,cms_popups,is_active,boolean,YES
public,cms_popups,created_by,uuid,YES
public,cms_popups,updated_by,uuid,YES
public,cms_popups,created_at,timestamp with time zone,NO
public,cms_popups,updated_at,timestamp with time zone,NO
public,cms_popups,deleted_at,timestamp with time zone,YES
public,cms_redirects,id,uuid,NO
public,cms_redirects,source_path,text,NO
public,cms_redirects,destination_path,text,NO
public,cms_redirects,type,USER-DEFINED,YES
public,cms_redirects,is_active,boolean,YES
public,cms_redirects,created_by,uuid,YES
public,cms_redirects,updated_by,uuid,YES
public,cms_redirects,created_at,timestamp with time zone,NO
public,cms_redirects,updated_at,timestamp with time zone,NO
public,cms_redirects,deleted_at,timestamp with time zone,YES
public,cms_seo_meta,id,uuid,NO
public,cms_seo_meta,entity_id,uuid,NO
public,cms_seo_meta,entity_type,text,NO
public,cms_seo_meta,meta_title,text,YES
public,cms_seo_meta,meta_description,text,YES
public,cms_seo_meta,meta_keywords,ARRAY,YES
public,cms_seo_meta,canonical_url,text,YES
public,cms_seo_meta,og_title,text,YES
public,cms_seo_meta,og_description,text,YES
public,cms_seo_meta,og_image_url,text,YES
public,cms_seo_meta,include_in_sitemap,boolean,YES
public,cms_seo_meta,created_by,uuid,YES
public,cms_seo_meta,updated_by,uuid,YES
public,cms_seo_meta,created_at,timestamp with time zone,NO
public,cms_seo_meta,updated_at,timestamp with time zone,NO
public,cms_seo_meta,deleted_at,timestamp with time zone,YES
public,cms_settings,id,uuid,NO
public,cms_settings,key,text,NO
public,cms_settings,value,jsonb,NO
public,cms_settings,description,text,YES
public,cms_settings,created_by,uuid,YES
public,cms_settings,updated_by,uuid,YES
public,cms_settings,created_at,timestamp with time zone,NO
public,cms_settings,updated_at,timestamp with time zone,NO
public,cms_settings,deleted_at,timestamp with time zone,YES
public,cms_testimonials,id,uuid,NO
public,cms_testimonials,customer_name,text,NO
public,cms_testimonials,customer_role,text,YES
public,cms_testimonials,company_name,text,YES
public,cms_testimonials,avatar_url,text,YES
public,cms_testimonials,rating,integer,YES
public,cms_testimonials,content,text,NO
public,cms_testimonials,is_featured,boolean,YES
public,cms_testimonials,status,USER-DEFINED,YES
public,cms_testimonials,created_by,uuid,YES
public,cms_testimonials,updated_by,uuid,YES
public,cms_testimonials,created_at,timestamp with time zone,NO
public,cms_testimonials,updated_at,timestamp with time zone,NO
public,cms_testimonials,deleted_at,timestamp with time zone,YES
public,cms_themes,id,uuid,NO
public,cms_themes,name,text,NO
public,cms_themes,colors,jsonb,NO
public,cms_themes,typography,jsonb,NO
public,cms_themes,layout,jsonb,NO
public,cms_themes,is_active,boolean,YES
public,cms_themes,created_by,uuid,YES
public,cms_themes,updated_by,uuid,YES
public,cms_themes,created_at,timestamp with time zone,NO
public,cms_themes,updated_at,timestamp with time zone,NO
public,cms_themes,deleted_at,timestamp with time zone,YES
public,companies,id,uuid,NO
public,companies,code,text,NO
public,companies,legal_name,text,NO
public,companies,display_name,text,NO
public,companies,gstin,text,YES
public,companies,pan,text,YES
public,companies,cin,text,YES
public,companies,email,USER-DEFINED,YES
public,companies,phone,text,YES
public,companies,website,text,YES
public,companies,registered_address,jsonb,NO
public,companies,billing_address,jsonb,NO
public,companies,timezone,text,NO
public,companies,currency_code,character,NO
public,companies,status,USER-DEFINED,NO
public,companies,metadata,jsonb,NO
public,companies,created_by,uuid,YES
public,companies,updated_by,uuid,YES
public,companies,deleted_by,uuid,YES
public,companies,created_at,timestamp with time zone,NO
public,companies,updated_at,timestamp with time zone,NO
public,companies,deleted_at,timestamp with time zone,YES
public,company_settings,id,uuid,NO
public,company_settings,company_id,uuid,NO
public,company_settings,key,text,NO
public,company_settings,value,jsonb,NO
public,company_settings,metadata,jsonb,NO
public,company_settings,created_by,uuid,YES
public,company_settings,updated_by,uuid,YES
public,company_settings,deleted_by,uuid,YES
public,company_settings,created_at,timestamp with time zone,NO
public,company_settings,updated_at,timestamp with time zone,NO
public,company_settings,deleted_at,timestamp with time zone,YES
public,contact_messages,id,uuid,NO
public,contact_messages,company_id,uuid,YES
public,contact_messages,customer_id,uuid,YES
public,contact_messages,name,text,YES
public,contact_messages,email,USER-DEFINED,YES
public,contact_messages,phone,text,YES
public,contact_messages,subject,text,YES
public,contact_messages,message,text,NO
public,contact_messages,status,text,NO
public,contact_messages,assigned_to,uuid,YES
public,contact_messages,metadata,jsonb,NO
public,contact_messages,created_by,uuid,YES
public,contact_messages,updated_by,uuid,YES
public,contact_messages,deleted_by,uuid,YES
public,contact_messages,created_at,timestamp with time zone,NO
public,contact_messages,updated_at,timestamp with time zone,NO
public,contact_messages,deleted_at,timestamp with time zone,YES
public,coupons,id,uuid,NO
public,coupons,company_id,uuid,YES
public,coupons,code,text,NO
public,coupons,type,USER-DEFINED,NO
public,coupons,discount,numeric,NO
public,coupons,discount_value,numeric,YES
public,coupons,min_order_amount,numeric,NO
public,coupons,usage_limit,integer,YES
public,coupons,usage_count,integer,NO
public,coupons,starts_at,timestamp with time zone,YES
public,coupons,expires_at,timestamp with time zone,YES
public,coupons,status,USER-DEFINED,NO
public,coupons,metadata,jsonb,NO
public,coupons,created_by,uuid,YES
public,coupons,updated_by,uuid,YES
public,coupons,deleted_by,uuid,YES
public,coupons,created_at,timestamp with time zone,NO
public,coupons,updated_at,timestamp with time zone,NO
public,coupons,deleted_at,timestamp with time zone,YES
public,crm_addresses,id,uuid,NO
public,crm_addresses,customer_id,uuid,NO
public,crm_addresses,address_type,USER-DEFINED,YES
public,crm_addresses,full_name,text,NO
public,crm_addresses,phone,text,YES
public,crm_addresses,address_line_1,text,NO
public,crm_addresses,address_line_2,text,YES
public,crm_addresses,city,text,NO
public,crm_addresses,state,text,NO
public,crm_addresses,postal_code,text,NO
public,crm_addresses,country,text,NO
public,crm_addresses,is_default_billing,boolean,YES
public,crm_addresses,is_default_shipping,boolean,YES
public,crm_addresses,created_by,uuid,YES
public,crm_addresses,updated_by,uuid,YES
public,crm_addresses,created_at,timestamp with time zone,NO
public,crm_addresses,updated_at,timestamp with time zone,NO
public,crm_addresses,deleted_at,timestamp with time zone,YES
public,crm_cart_items,id,uuid,NO
public,crm_cart_items,cart_id,uuid,NO
public,crm_cart_items,variant_id,uuid,NO
public,crm_cart_items,quantity,integer,NO
public,crm_cart_items,price_at_addition,numeric,YES
public,crm_cart_items,created_by,uuid,YES
public,crm_cart_items,updated_by,uuid,YES
public,crm_cart_items,created_at,timestamp with time zone,NO
public,crm_cart_items,updated_at,timestamp with time zone,NO
public,crm_cart_items,deleted_at,timestamp with time zone,YES
public,crm_carts,id,uuid,NO
public,crm_carts,org_id,uuid,YES
public,crm_carts,customer_id,uuid,YES
public,crm_carts,session_token,text,YES
public,crm_carts,status,text,YES
public,crm_carts,currency,text,YES
public,crm_carts,created_by,uuid,YES
public,crm_carts,updated_by,uuid,YES
public,crm_carts,created_at,timestamp with time zone,NO
public,crm_carts,updated_at,timestamp with time zone,NO
public,crm_carts,deleted_at,timestamp with time zone,YES
public,crm_customer_group_mapping,id,uuid,NO
public,crm_customer_group_mapping,customer_id,uuid,NO
public,crm_customer_group_mapping,group_id,uuid,NO
public,crm_customer_group_mapping,created_by,uuid,YES
public,crm_customer_group_mapping,created_at,timestamp with time zone,NO
public,crm_customer_groups,id,uuid,NO
public,crm_customer_groups,org_id,uuid,YES
public,crm_customer_groups,name,text,NO
public,crm_customer_groups,description,text,YES
public,crm_customer_groups,discount_percentage,numeric,YES
public,crm_customer_groups,created_by,uuid,YES
public,crm_customer_groups,updated_by,uuid,YES
public,crm_customer_groups,created_at,timestamp with time zone,NO
public,crm_customer_groups,updated_at,timestamp with time zone,NO
public,crm_customer_groups,deleted_at,timestamp with time zone,YES
public,crm_customers,id,uuid,NO
public,crm_customers,org_id,uuid,YES
public,crm_customers,user_id,uuid,YES
public,crm_customers,group_id,uuid,YES
public,crm_customers,first_name,text,NO
public,crm_customers,last_name,text,YES
public,crm_customers,email,text,YES
public,crm_customers,phone,text,YES
public,crm_customers,company_name,text,YES
public,crm_customers,tax_id,text,YES
public,crm_customers,status,USER-DEFINED,YES
public,crm_customers,lifetime_value,numeric,YES
public,crm_customers,last_purchase_date,timestamp with time zone,YES
public,crm_customers,search_vector,tsvector,YES
public,crm_customers,created_by,uuid,YES
public,crm_customers,updated_by,uuid,YES
public,crm_customers,created_at,timestamp with time zone,NO
public,crm_customers,updated_at,timestamp with time zone,NO
public,crm_customers,deleted_at,timestamp with time zone,YES
public,crm_documents,id,uuid,NO
public,crm_documents,customer_id,uuid,NO
public,crm_documents,doc_type,USER-DEFINED,NO
public,crm_documents,file_url,text,NO
public,crm_documents,title,text,YES
public,crm_documents,status,text,YES
public,crm_documents,created_by,uuid,YES
public,crm_documents,updated_by,uuid,YES
public,crm_documents,created_at,timestamp with time zone,NO
public,crm_documents,updated_at,timestamp with time zone,NO
public,crm_documents,deleted_at,timestamp with time zone,YES
public,crm_loyalty_tiers,id,uuid,NO
public,crm_loyalty_tiers,org_id,uuid,YES
public,crm_loyalty_tiers,name,text,NO
public,crm_loyalty_tiers,min_spend,numeric,NO
public,crm_loyalty_tiers,point_multiplier,numeric,NO
public,crm_loyalty_tiers,created_by,uuid,YES
public,crm_loyalty_tiers,updated_by,uuid,YES
public,crm_loyalty_tiers,created_at,timestamp with time zone,NO
public,crm_loyalty_tiers,updated_at,timestamp with time zone,NO
public,crm_loyalty_tiers,deleted_at,timestamp with time zone,YES
public,crm_notes,id,uuid,NO
public,crm_notes,customer_id,uuid,NO
public,crm_notes,note,text,NO
public,crm_notes,is_pinned,boolean,YES
public,crm_notes,created_by,uuid,YES
public,crm_notes,updated_by,uuid,YES
public,crm_notes,created_at,timestamp with time zone,NO
public,crm_notes,updated_at,timestamp with time zone,NO
public,crm_notes,deleted_at,timestamp with time zone,YES
public,crm_preferences,id,uuid,NO
public,crm_preferences,customer_id,uuid,NO
public,crm_preferences,marketing_opt_in,boolean,YES
public,crm_preferences,sms_opt_in,boolean,YES
public,crm_preferences,preferred_language,text,YES
public,crm_preferences,currency,text,YES
public,crm_preferences,custom_preferences,jsonb,YES
public,crm_preferences,created_by,uuid,YES
public,crm_preferences,updated_by,uuid,YES
public,crm_preferences,created_at,timestamp with time zone,NO
public,crm_preferences,updated_at,timestamp with time zone,NO
public,crm_preferences,deleted_at,timestamp with time zone,YES
public,crm_referrals,id,uuid,NO
public,crm_referrals,referrer_customer_id,uuid,NO
public,crm_referrals,referred_customer_id,uuid,YES
public,crm_referrals,referral_code,text,NO
public,crm_referrals,status,text,YES
public,crm_referrals,reward_issued,boolean,YES
public,crm_referrals,created_by,uuid,YES
public,crm_referrals,updated_by,uuid,YES
public,crm_referrals,created_at,timestamp with time zone,NO
public,crm_referrals,updated_at,timestamp with time zone,NO
public,crm_referrals,deleted_at,timestamp with time zone,YES
public,crm_reward_point_ledger,id,uuid,NO
public,crm_reward_point_ledger,customer_id,uuid,NO
public,crm_reward_point_ledger,transaction_type,USER-DEFINED,NO
public,crm_reward_point_ledger,points,integer,NO
public,crm_reward_point_ledger,description,text,YES
public,crm_reward_point_ledger,reference_id,uuid,YES
public,crm_reward_point_ledger,created_by,uuid,YES
public,crm_reward_point_ledger,created_at,timestamp with time zone,NO
public,crm_reward_points,id,uuid,NO
public,crm_reward_points,customer_id,uuid,NO
public,crm_reward_points,points_earned,integer,YES
public,crm_reward_points,points_spent,integer,YES
public,crm_reward_points,current_balance,integer,YES
public,crm_reward_points,tier_id,uuid,YES
public,crm_reward_points,created_by,uuid,YES
public,crm_reward_points,updated_by,uuid,YES
public,crm_reward_points,created_at,timestamp with time zone,NO
public,crm_reward_points,updated_at,timestamp with time zone,NO
public,crm_reward_points,deleted_at,timestamp with time zone,YES
public,crm_saved_cards,id,uuid,NO
public,crm_saved_cards,customer_id,uuid,NO
public,crm_saved_cards,payment_gateway,text,NO
public,crm_saved_cards,gateway_token,text,NO
public,crm_saved_cards,brand,text,NO
public,crm_saved_cards,last4,text,NO
public,crm_saved_cards,exp_month,integer,NO
public,crm_saved_cards,exp_year,integer,NO
public,crm_saved_cards,is_default,boolean,YES
public,crm_saved_cards,created_by,uuid,YES
public,crm_saved_cards,updated_by,uuid,YES
public,crm_saved_cards,created_at,timestamp with time zone,NO
public,crm_saved_cards,updated_at,timestamp with time zone,NO
public,crm_saved_cards,deleted_at,timestamp with time zone,YES
public,crm_timeline,id,uuid,NO
public,crm_timeline,customer_id,uuid,NO
public,crm_timeline,event_type,text,NO
public,crm_timeline,description,text,NO
public,crm_timeline,metadata,jsonb,YES
public,crm_timeline,reference_id,uuid,YES
public,crm_timeline,created_by,uuid,YES
public,crm_timeline,created_at,timestamp with time zone,NO
public,crm_wallet_transactions,id,uuid,NO
public,crm_wallet_transactions,wallet_id,uuid,NO
public,crm_wallet_transactions,transaction_type,USER-DEFINED,NO
public,crm_wallet_transactions,amount,numeric,NO
public,crm_wallet_transactions,balance_after,numeric,NO
public,crm_wallet_transactions,description,text,YES
public,crm_wallet_transactions,reference_id,uuid,YES
public,crm_wallet_transactions,created_by,uuid,YES
public,crm_wallet_transactions,created_at,timestamp with time zone,NO
public,crm_wallets,id,uuid,NO
public,crm_wallets,customer_id,uuid,NO
public,crm_wallets,currency,text,NO
public,crm_wallets,balance,numeric,NO
public,crm_wallets,created_by,uuid,YES
public,crm_wallets,updated_by,uuid,YES
public,crm_wallets,created_at,timestamp with time zone,NO
public,crm_wallets,updated_at,timestamp with time zone,NO
public,crm_wallets,deleted_at,timestamp with time zone,YES
public,crm_wishlists,id,uuid,NO
public,crm_wishlists,customer_id,uuid,NO
public,crm_wishlists,variant_id,uuid,NO
public,crm_wishlists,added_at,timestamp with time zone,NO
public,crm_wishlists,created_by,uuid,YES
public,crm_wishlists,updated_by,uuid,YES
public,crm_wishlists,created_at,timestamp with time zone,NO
public,crm_wishlists,updated_at,timestamp with time zone,NO
public,crm_wishlists,deleted_at,timestamp with time zone,YES
public,custom_setup_component_options,id,uuid,NO
public,custom_setup_component_options,component_id,uuid,YES
public,custom_setup_component_options,product_id,uuid,YES
public,custom_setup_component_options,name,text,NO
public,custom_setup_component_options,price_delta,numeric,YES
public,custom_setup_component_options,metadata,jsonb,NO
public,custom_setup_component_options,created_by,uuid,YES
public,custom_setup_component_options,updated_by,uuid,YES
public,custom_setup_component_options,deleted_by,uuid,YES
public,custom_setup_component_options,created_at,timestamp with time zone,NO
public,custom_setup_component_options,updated_at,timestamp with time zone,NO
public,custom_setup_component_options,deleted_at,timestamp with time zone,YES
public,custom_setup_components,id,uuid,NO
public,custom_setup_components,name,text,NO
public,custom_setup_components,component_type,text,YES
public,custom_setup_components,status,USER-DEFINED,NO
public,custom_setup_components,metadata,jsonb,NO
public,custom_setup_components,created_by,uuid,YES
public,custom_setup_components,updated_by,uuid,YES
public,custom_setup_components,deleted_by,uuid,YES
public,custom_setup_components,created_at,timestamp with time zone,NO
public,custom_setup_components,updated_at,timestamp with time zone,NO
public,custom_setup_components,deleted_at,timestamp with time zone,YES
public,custom_setup_constants,id,uuid,NO
public,custom_setup_constants,key,text,NO
public,custom_setup_constants,value,jsonb,NO
public,custom_setup_constants,metadata,jsonb,NO
public,custom_setup_constants,created_by,uuid,YES
public,custom_setup_constants,updated_by,uuid,YES
public,custom_setup_constants,deleted_by,uuid,YES
public,custom_setup_constants,created_at,timestamp with time zone,NO
public,custom_setup_constants,updated_at,timestamp with time zone,NO
public,custom_setup_constants,deleted_at,timestamp with time zone,YES
public,custom_setup_inventory,id,uuid,NO
public,custom_setup_inventory,product_id,uuid,YES
public,custom_setup_inventory,quantity,integer,NO
public,custom_setup_inventory,metadata,jsonb,NO
public,custom_setup_inventory,created_by,uuid,YES
public,custom_setup_inventory,updated_by,uuid,YES
public,custom_setup_inventory,deleted_by,uuid,YES
public,custom_setup_inventory,created_at,timestamp with time zone,NO
public,custom_setup_inventory,updated_at,timestamp with time zone,NO
public,custom_setup_inventory,deleted_at,timestamp with time zone,YES
public,custom_setup_offers,id,uuid,NO
public,custom_setup_offers,company_id,uuid,YES
public,custom_setup_offers,title,text,NO
public,custom_setup_offers,description,text,YES
public,custom_setup_offers,price,numeric,YES
public,custom_setup_offers,status,USER-DEFINED,NO
public,custom_setup_offers,metadata,jsonb,NO
public,custom_setup_offers,created_by,uuid,YES
public,custom_setup_offers,updated_by,uuid,YES
public,custom_setup_offers,deleted_by,uuid,YES
public,custom_setup_offers,created_at,timestamp with time zone,NO
public,custom_setup_offers,updated_at,timestamp with time zone,NO
public,custom_setup_offers,deleted_at,timestamp with time zone,YES
public,custom_setup_systems,id,uuid,NO
public,custom_setup_systems,customer_id,uuid,YES
public,custom_setup_systems,template_id,uuid,YES
public,custom_setup_systems,config,jsonb,NO
public,custom_setup_systems,status,USER-DEFINED,NO
public,custom_setup_systems,metadata,jsonb,NO
public,custom_setup_systems,created_by,uuid,YES
public,custom_setup_systems,updated_by,uuid,YES
public,custom_setup_systems,deleted_by,uuid,YES
public,custom_setup_systems,created_at,timestamp with time zone,NO
public,custom_setup_systems,updated_at,timestamp with time zone,NO
public,custom_setup_systems,deleted_at,timestamp with time zone,YES
public,custom_setup_templates,id,uuid,NO
public,custom_setup_templates,name,text,NO
public,custom_setup_templates,config,jsonb,NO
public,custom_setup_templates,status,USER-DEFINED,NO
public,custom_setup_templates,metadata,jsonb,NO
public,custom_setup_templates,created_by,uuid,YES
public,custom_setup_templates,updated_by,uuid,YES
public,custom_setup_templates,deleted_by,uuid,YES
public,custom_setup_templates,created_at,timestamp with time zone,NO
public,custom_setup_templates,updated_at,timestamp with time zone,NO
public,custom_setup_templates,deleted_at,timestamp with time zone,YES
public,custom_webhook_tunnel_queue,id,uuid,NO
public,custom_webhook_tunnel_queue,source,text,YES
public,custom_webhook_tunnel_queue,path,text,YES
public,custom_webhook_tunnel_queue,method,text,YES
public,custom_webhook_tunnel_queue,headers,jsonb,NO
public,custom_webhook_tunnel_queue,payload,jsonb,NO
public,custom_webhook_tunnel_queue,status,text,NO
public,custom_webhook_tunnel_queue,attempts,integer,NO
public,custom_webhook_tunnel_queue,metadata,jsonb,NO
public,custom_webhook_tunnel_queue,created_by,uuid,YES
public,custom_webhook_tunnel_queue,updated_by,uuid,YES
public,custom_webhook_tunnel_queue,deleted_by,uuid,YES
public,custom_webhook_tunnel_queue,created_at,timestamp with time zone,NO
public,custom_webhook_tunnel_queue,updated_at,timestamp with time zone,NO
public,custom_webhook_tunnel_queue,deleted_at,timestamp with time zone,YES
public,customer_addresses,id,uuid,NO
public,customer_addresses,customer_id,uuid,NO
public,customer_addresses,label,text,NO
public,customer_addresses,contact_name,text,YES
public,customer_addresses,phone,text,YES
public,customer_addresses,line1,text,NO
public,customer_addresses,line2,text,YES
public,customer_addresses,city,text,YES
public,customer_addresses,state,text,YES
public,customer_addresses,state_code,text,YES
public,customer_addresses,country,text,NO
public,customer_addresses,pincode,text,YES
public,customer_addresses,latitude,numeric,YES
public,customer_addresses,longitude,numeric,YES
public,customer_addresses,is_default,boolean,NO
public,customer_addresses,status,USER-DEFINED,NO
public,customer_addresses,metadata,jsonb,NO
public,customer_addresses,created_by,uuid,YES
public,customer_addresses,updated_by,uuid,YES
public,customer_addresses,deleted_by,uuid,YES
public,customer_addresses,created_at,timestamp with time zone,NO
public,customer_addresses,updated_at,timestamp with time zone,NO
public,customer_addresses,deleted_at,timestamp with time zone,YES
public,customer_discounts,id,uuid,NO
public,customer_discounts,customer_id,uuid,YES
public,customer_discounts,discount_id,uuid,YES
public,customer_discounts,starts_at,timestamp with time zone,YES
public,customer_discounts,ends_at,timestamp with time zone,YES
public,customer_discounts,status,USER-DEFINED,NO
public,customer_discounts,metadata,jsonb,NO
public,customer_discounts,created_by,uuid,YES
public,customer_discounts,updated_by,uuid,YES
public,customer_discounts,deleted_by,uuid,YES
public,customer_discounts,created_at,timestamp with time zone,NO
public,customer_discounts,updated_at,timestamp with time zone,NO
public,customer_discounts,deleted_at,timestamp with time zone,YES
public,customer_promotions,id,uuid,NO
public,customer_promotions,customer_id,uuid,YES
public,customer_promotions,promotion_type,text,NO
public,customer_promotions,status,text,NO
public,customer_promotions,metadata,jsonb,NO
public,customer_promotions,created_by,uuid,YES
public,customer_promotions,updated_by,uuid,YES
public,customer_promotions,deleted_by,uuid,YES
public,customer_promotions,created_at,timestamp with time zone,NO
public,customer_promotions,updated_at,timestamp with time zone,NO
public,customer_promotions,deleted_at,timestamp with time zone,YES
public,customers,id,uuid,NO
public,customers,user_id,uuid,YES
public,customers,company_id,uuid,YES
public,customers,customer_code,text,YES
public,customers,name,text,NO
public,customers,email,USER-DEFINED,YES
public,customers,mobile,text,YES
public,customers,phone,text,YES
public,customers,type,text,NO
public,customers,gstin,text,YES
public,customers,default_address_id,uuid,YES
public,customers,lifetime_value,numeric,NO
public,customers,status,USER-DEFINED,NO
public,customers,tags,ARRAY,NO
public,customers,metadata,jsonb,NO
public,customers,created_by,uuid,YES
public,customers,updated_by,uuid,YES
public,customers,deleted_by,uuid,YES
public,customers,created_at,timestamp with time zone,NO
public,customers,updated_at,timestamp with time zone,NO
public,customers,deleted_at,timestamp with time zone,YES
public,dashboard_widgets,id,uuid,NO
public,dashboard_widgets,company_id,uuid,YES
public,dashboard_widgets,user_id,uuid,YES
public,dashboard_widgets,name,text,NO
public,dashboard_widgets,widget_type,text,NO
public,dashboard_widgets,config,jsonb,NO
public,dashboard_widgets,position,jsonb,NO
public,dashboard_widgets,status,USER-DEFINED,NO
public,dashboard_widgets,metadata,jsonb,NO
public,dashboard_widgets,created_by,uuid,YES
public,dashboard_widgets,updated_by,uuid,YES
public,dashboard_widgets,deleted_by,uuid,YES
public,dashboard_widgets,created_at,timestamp with time zone,NO
public,dashboard_widgets,updated_at,timestamp with time zone,NO
public,dashboard_widgets,deleted_at,timestamp with time zone,YES
public,departments,id,uuid,NO
public,departments,company_id,uuid,NO
public,departments,branch_id,uuid,YES
public,departments,code,text,NO
public,departments,name,text,NO
public,departments,parent_department_id,uuid,YES
public,departments,status,USER-DEFINED,NO
public,departments,metadata,jsonb,NO
public,departments,created_by,uuid,YES
public,departments,updated_by,uuid,YES
public,departments,deleted_by,uuid,YES
public,departments,created_at,timestamp with time zone,NO
public,departments,updated_at,timestamp with time zone,NO
public,departments,deleted_at,timestamp with time zone,YES
public,deployment_history,id,uuid,NO
public,deployment_history,release_id,uuid,NO
public,deployment_history,environment,text,NO
public,deployment_history,status,text,NO
public,deployment_history,started_at,timestamp with time zone,YES
public,deployment_history,completed_at,timestamp with time zone,YES
public,deployment_history,deployed_by_id,uuid,YES
public,deployment_history,notes,text,YES
public,deployment_history,created_at,timestamp with time zone,NO
public,developer_applications,id,uuid,NO
public,developer_applications,app_name,text,NO
public,developer_applications,owner_name,text,NO
public,developer_applications,owner_email,text,NO
public,developer_applications,client_id,uuid,NO
public,developer_applications,oauth_redirect_urls,ARRAY,NO
public,developer_applications,status,text,NO
public,developer_applications,created_at,timestamp with time zone,NO
public,discounts,id,uuid,NO
public,discounts,company_id,uuid,YES
public,discounts,name,text,NO
public,discounts,type,USER-DEFINED,NO
public,discounts,value,numeric,NO
public,discounts,target_type,text,NO
public,discounts,target_id,uuid,YES
public,discounts,starts_at,timestamp with time zone,YES
public,discounts,ends_at,timestamp with time zone,YES
public,discounts,status,USER-DEFINED,NO
public,discounts,metadata,jsonb,NO
public,discounts,created_by,uuid,YES
public,discounts,updated_by,uuid,YES
public,discounts,deleted_by,uuid,YES
public,discounts,created_at,timestamp with time zone,NO
public,discounts,updated_at,timestamp with time zone,NO
public,discounts,deleted_at,timestamp with time zone,YES
public,dispatch_records,id,uuid,NO
public,dispatch_records,order_id,uuid,YES
public,dispatch_records,carrier,text,YES
public,dispatch_records,tracking_number,text,YES
public,dispatch_records,status,text,NO
public,dispatch_records,dispatched_at,timestamp with time zone,YES
public,dispatch_records,delivered_at,timestamp with time zone,YES
public,dispatch_records,metadata,jsonb,NO
public,dispatch_records,created_by,uuid,YES
public,dispatch_records,updated_by,uuid,YES
public,dispatch_records,deleted_by,uuid,YES
public,dispatch_records,created_at,timestamp with time zone,NO
public,dispatch_records,updated_at,timestamp with time zone,NO
public,dispatch_records,deleted_at,timestamp with time zone,YES
public,email_templates,id,uuid,NO
public,email_templates,company_id,uuid,YES
public,email_templates,name,text,NO
public,email_templates,subject,text,NO
public,email_templates,html_body,text,NO
public,email_templates,text_body,text,YES
public,email_templates,status,USER-DEFINED,NO
public,email_templates,metadata,jsonb,NO
public,email_templates,created_by,uuid,YES
public,email_templates,updated_by,uuid,YES
public,email_templates,deleted_by,uuid,YES
public,email_templates,created_at,timestamp with time zone,NO
public,email_templates,updated_at,timestamp with time zone,NO
public,email_templates,deleted_at,timestamp with time zone,YES
public,enterprise_alert_acknowledgements,id,uuid,NO
public,enterprise_alert_acknowledgements,alert_key,text,NO
public,enterprise_alert_acknowledgements,module,text,NO
public,enterprise_alert_acknowledgements,severity,text,NO
public,enterprise_alert_acknowledgements,status,text,NO
public,enterprise_alert_acknowledgements,acknowledged_by,text,YES
public,enterprise_alert_acknowledgements,note,text,YES
public,enterprise_alert_acknowledgements,created_at,timestamp with time zone,NO
public,enterprise_alert_acknowledgements,updated_at,timestamp with time zone,NO
public,enterprise_alert_acknowledgements,assigned_to,text,YES
public,enterprise_alert_acknowledgements,assigned_at,timestamp with time zone,YES
public,enterprise_analytics_events,id,uuid,NO
public,enterprise_analytics_events,event_name,text,NO
public,enterprise_analytics_events,event_category,text,NO
public,enterprise_analytics_events,description,text,YES
public,enterprise_analytics_events,application,text,NO
public,enterprise_analytics_events,module,text,YES
public,enterprise_analytics_events,screen,text,YES
public,enterprise_analytics_events,action,text,YES
public,enterprise_analytics_events,trigger_type,text,YES
public,enterprise_analytics_events,priority,text,NO
public,enterprise_analytics_events,user_id,text,YES
public,enterprise_analytics_events,user_email,text,YES
public,enterprise_analytics_events,role,text,YES
public,enterprise_analytics_events,company_id,text,YES
public,enterprise_analytics_events,company_name,text,YES
public,enterprise_analytics_events,branch_id,text,YES
public,enterprise_analytics_events,branch_name,text,YES
public,enterprise_analytics_events,department,text,YES
public,enterprise_analytics_events,session_id,text,YES
public,enterprise_analytics_events,request_id,text,YES
public,enterprise_analytics_events,entity_type,text,YES
public,enterprise_analytics_events,entity_id,text,YES
public,enterprise_analytics_events,database_table,text,YES
public,enterprise_analytics_events,api_endpoint,text,YES
public,enterprise_analytics_events,http_method,text,YES
public,enterprise_analytics_events,http_status,integer,YES
public,enterprise_analytics_events,execution_time_ms,integer,YES
public,enterprise_analytics_events,success,boolean,NO
public,enterprise_analytics_events,value_numeric,numeric,YES
public,enterprise_analytics_events,currency,text,YES
public,enterprise_analytics_events,device,text,YES
public,enterprise_analytics_events,browser,text,YES
public,enterprise_analytics_events,operating_system,text,YES
public,enterprise_analytics_events,ip_address,inet,YES
public,enterprise_analytics_events,location,jsonb,NO
public,enterprise_analytics_events,dashboard,text,YES
public,enterprise_analytics_events,metadata,jsonb,NO
public,enterprise_analytics_events,retention_period,text,NO
public,enterprise_analytics_events,retention_until,timestamp with time zone,YES
public,enterprise_analytics_events,occurred_at,timestamp with time zone,NO
public,enterprise_analytics_events,received_at,timestamp with time zone,NO
public,enterprise_audit_logs,id,uuid,NO
public,enterprise_audit_logs,user_id,text,YES
public,enterprise_audit_logs,user_email,text,YES
public,enterprise_audit_logs,role,text,YES
public,enterprise_audit_logs,company_id,text,YES
public,enterprise_audit_logs,company_name,text,YES
public,enterprise_audit_logs,branch_id,text,YES
public,enterprise_audit_logs,branch_name,text,YES
public,enterprise_audit_logs,application,text,NO
public,enterprise_audit_logs,module,text,NO
public,enterprise_audit_logs,screen,text,YES
public,enterprise_audit_logs,action,text,NO
public,enterprise_audit_logs,entity_type,text,NO
public,enterprise_audit_logs,entity_id,text,YES
public,enterprise_audit_logs,old_value,jsonb,YES
public,enterprise_audit_logs,new_value,jsonb,YES
public,enterprise_audit_logs,reason,text,YES
public,enterprise_audit_logs,ip_address,inet,YES
public,enterprise_audit_logs,browser,text,YES
public,enterprise_audit_logs,operating_system,text,YES
public,enterprise_audit_logs,request_id,text,YES
public,enterprise_audit_logs,api_endpoint,text,YES
public,enterprise_audit_logs,http_method,text,YES
public,enterprise_audit_logs,http_status,integer,YES
public,enterprise_audit_logs,execution_time_ms,integer,YES
public,enterprise_audit_logs,success,boolean,NO
public,enterprise_audit_logs,remarks,text,YES
public,enterprise_audit_logs,metadata,jsonb,NO
public,enterprise_audit_logs,retention_period,text,NO
public,enterprise_audit_logs,retention_until,timestamp with time zone,YES
public,enterprise_audit_logs,created_at,timestamp with time zone,NO
public,enterprise_kpi_snapshots,id,uuid,NO
public,enterprise_kpi_snapshots,kpi_key,text,NO
public,enterprise_kpi_snapshots,kpi_name,text,NO
public,enterprise_kpi_snapshots,category,text,NO
public,enterprise_kpi_snapshots,application,text,YES
public,enterprise_kpi_snapshots,dashboard_role,text,NO
public,enterprise_kpi_snapshots,period_start,timestamp with time zone,NO
public,enterprise_kpi_snapshots,period_end,timestamp with time zone,NO
public,enterprise_kpi_snapshots,value_numeric,numeric,NO
public,enterprise_kpi_snapshots,target_numeric,numeric,YES
public,enterprise_kpi_snapshots,currency,text,YES
public,enterprise_kpi_snapshots,dimensions,jsonb,NO
public,enterprise_kpi_snapshots,source_tables,ARRAY,NO
public,enterprise_kpi_snapshots,calculated_at,timestamp with time zone,NO
public,enterprise_report_exports,id,uuid,NO
public,enterprise_report_exports,requested_by,text,YES
public,enterprise_report_exports,report_type,text,NO
public,enterprise_report_exports,format,text,NO
public,enterprise_report_exports,filters,jsonb,NO
public,enterprise_report_exports,status,text,NO
public,enterprise_report_exports,file_url,text,YES
public,enterprise_report_exports,error_message,text,YES
public,enterprise_report_exports,created_at,timestamp with time zone,NO
public,enterprise_report_exports,completed_at,timestamp with time zone,YES
public,enterprise_retention_policies,id,uuid,NO
public,enterprise_retention_policies,data_domain,text,NO
public,enterprise_retention_policies,retention_period,text,NO
public,enterprise_retention_policies,archive_after,text,YES
public,enterprise_retention_policies,is_active,boolean,NO
public,enterprise_retention_policies,created_at,timestamp with time zone,NO
public,enterprise_retention_policies,updated_at,timestamp with time zone,NO
public,enterprise_saved_filters,id,uuid,NO
public,enterprise_saved_filters,user_id,text,NO
public,enterprise_saved_filters,name,text,NO
public,enterprise_saved_filters,scope,text,NO
public,enterprise_saved_filters,filters,jsonb,NO
public,enterprise_saved_filters,is_shared,boolean,NO
public,enterprise_saved_filters,created_at,timestamp with time zone,NO
public,enterprise_saved_filters,updated_at,timestamp with time zone,NO
public,enterprise_staff_activity_logs,id,uuid,NO
public,enterprise_staff_activity_logs,user_id,text,YES
public,enterprise_staff_activity_logs,user_email,text,YES
public,enterprise_staff_activity_logs,role,text,YES
public,enterprise_staff_activity_logs,company_id,text,YES
public,enterprise_staff_activity_logs,company_name,text,YES
public,enterprise_staff_activity_logs,branch_id,text,YES
public,enterprise_staff_activity_logs,branch_name,text,YES
public,enterprise_staff_activity_logs,department,text,YES
public,enterprise_staff_activity_logs,application,text,NO
public,enterprise_staff_activity_logs,module,text,NO
public,enterprise_staff_activity_logs,screen,text,YES
public,enterprise_staff_activity_logs,action,text,NO
public,enterprise_staff_activity_logs,description,text,YES
public,enterprise_staff_activity_logs,entity_type,text,YES
public,enterprise_staff_activity_logs,entity_id,text,YES
public,enterprise_staff_activity_logs,session_id,text,YES
public,enterprise_staff_activity_logs,request_id,text,YES
public,enterprise_staff_activity_logs,ip_address,inet,YES
public,enterprise_staff_activity_logs,browser,text,YES
public,enterprise_staff_activity_logs,operating_system,text,YES
public,enterprise_staff_activity_logs,device,text,YES
public,enterprise_staff_activity_logs,api_endpoint,text,YES
public,enterprise_staff_activity_logs,http_method,text,YES
public,enterprise_staff_activity_logs,http_status,integer,YES
public,enterprise_staff_activity_logs,execution_time_ms,integer,YES
public,enterprise_staff_activity_logs,success,boolean,NO
public,enterprise_staff_activity_logs,metadata,jsonb,NO
public,enterprise_staff_activity_logs,retention_period,text,NO
public,enterprise_staff_activity_logs,retention_until,timestamp with time zone,YES
public,enterprise_staff_activity_logs,created_at,timestamp with time zone,NO
public,environment_configs,id,uuid,NO
public,environment_configs,environment,text,NO
public,environment_configs,key,text,NO
public,environment_configs,value_encrypted,text,NO
public,environment_configs,updated_at,timestamp with time zone,NO
public,expenses,id,uuid,NO
public,expenses,company_id,uuid,YES
public,expenses,staff_id,uuid,YES
public,expenses,expense_date,date,NO
public,expenses,category,text,YES
public,expenses,amount,numeric,NO
public,expenses,description,text,YES
public,expenses,status,text,NO
public,expenses,metadata,jsonb,NO
public,expenses,created_by,uuid,YES
public,expenses,updated_by,uuid,YES
public,expenses,deleted_by,uuid,YES
public,expenses,created_at,timestamp with time zone,NO
public,expenses,updated_at,timestamp with time zone,NO
public,expenses,deleted_at,timestamp with time zone,YES
public,failed_api_calls,id,uuid,NO
public,failed_api_calls,payload,text,NO
public,failed_api_calls,error,text,NO
public,failed_api_calls,metadata,jsonb,NO
public,failed_api_calls,created_by,uuid,YES
public,failed_api_calls,updated_by,uuid,YES
public,failed_api_calls,deleted_by,uuid,YES
public,failed_api_calls,created_at,timestamp with time zone,NO
public,failed_api_calls,updated_at,timestamp with time zone,NO
public,failed_api_calls,deleted_at,timestamp with time zone,YES
public,faqs,id,uuid,NO
public,faqs,company_id,uuid,YES
public,faqs,question,text,NO
public,faqs,answer,text,NO
public,faqs,category,text,YES
public,faqs,sort_order,integer,NO
public,faqs,status,USER-DEFINED,NO
public,faqs,metadata,jsonb,NO
public,faqs,created_by,uuid,YES
public,faqs,updated_by,uuid,YES
public,faqs,deleted_by,uuid,YES
public,faqs,created_at,timestamp with time zone,NO
public,faqs,updated_at,timestamp with time zone,NO
public,faqs,deleted_at,timestamp with time zone,YES
public,feature_flags,id,uuid,NO
public,feature_flags,key,text,NO
public,feature_flags,enabled,boolean,NO
public,feature_flags,description,text,YES
public,feature_flags,created_at,timestamp with time zone,NO
public,feature_flags,updated_at,timestamp with time zone,NO
public,file_storage,id,uuid,NO
public,file_storage,company_id,uuid,YES
public,file_storage,owner_id,uuid,YES
public,file_storage,bucket,text,NO
public,file_storage,object_key,text,NO
public,file_storage,file_name,text,NO
public,file_storage,mime_type,text,YES
public,file_storage,size_bytes,bigint,YES
public,file_storage,checksum,text,YES
public,file_storage,public_url,text,YES
public,file_storage,metadata,jsonb,NO
public,file_storage,created_by,uuid,YES
public,file_storage,updated_by,uuid,YES
public,file_storage,deleted_by,uuid,YES
public,file_storage,created_at,timestamp with time zone,NO
public,file_storage,updated_at,timestamp with time zone,NO
public,file_storage,deleted_at,timestamp with time zone,YES
public,fin_accounts,id,uuid,NO
public,fin_accounts,org_id,uuid,YES
public,fin_accounts,account_code,text,NO
public,fin_accounts,account_name,text,NO
public,fin_accounts,account_type,USER-DEFINED,NO
public,fin_accounts,parent_account_id,uuid,YES
public,fin_accounts,description,text,YES
public,fin_accounts,is_active,boolean,YES
public,fin_accounts,is_system_account,boolean,YES
public,fin_accounts,created_by,uuid,YES
public,fin_accounts,updated_by,uuid,YES
public,fin_accounts,created_at,timestamp with time zone,NO
public,fin_accounts,updated_at,timestamp with time zone,NO
public,fin_accounts,deleted_at,timestamp with time zone,YES
public,fin_bank_accounts,id,uuid,NO
public,fin_bank_accounts,org_id,uuid,YES
public,fin_bank_accounts,account_id,uuid,NO
public,fin_bank_accounts,bank_name,text,NO
public,fin_bank_accounts,account_number,text,NO
public,fin_bank_accounts,ifsc_routing_code,text,YES
public,fin_bank_accounts,currency,text,YES
public,fin_bank_accounts,opening_balance,numeric,YES
public,fin_bank_accounts,is_active,boolean,YES
public,fin_bank_accounts,created_by,uuid,YES
public,fin_bank_accounts,updated_by,uuid,YES
public,fin_bank_accounts,created_at,timestamp with time zone,NO
public,fin_bank_accounts,updated_at,timestamp with time zone,NO
public,fin_bank_accounts,deleted_at,timestamp with time zone,YES
public,fin_bank_transactions,id,uuid,NO
public,fin_bank_transactions,bank_account_id,uuid,NO
public,fin_bank_transactions,journal_entry_id,uuid,YES
public,fin_bank_transactions,transaction_date,date,NO
public,fin_bank_transactions,description,text,NO
public,fin_bank_transactions,withdrawal_amount,numeric,YES
public,fin_bank_transactions,deposit_amount,numeric,YES
public,fin_bank_transactions,running_balance,numeric,YES
public,fin_bank_transactions,is_reconciled,boolean,YES
public,fin_bank_transactions,created_by,uuid,YES
public,fin_bank_transactions,created_at,timestamp with time zone,NO
public,fin_bills,id,uuid,NO
public,fin_bills,org_id,uuid,YES
public,fin_bills,supplier_id,uuid,NO
public,fin_bills,journal_entry_id,uuid,YES
public,fin_bills,bill_number,text,NO
public,fin_bills,reference,text,YES
public,fin_bills,issue_date,date,NO
public,fin_bills,due_date,date,NO
public,fin_bills,subtotal,numeric,NO
public,fin_bills,total_tax,numeric,NO
public,fin_bills,grand_total,numeric,NO
public,fin_bills,amount_paid,numeric,NO
public,fin_bills,outstanding_balance,numeric,YES
public,fin_bills,status,USER-DEFINED,YES
public,fin_bills,created_by,uuid,YES
public,fin_bills,updated_by,uuid,YES
public,fin_bills,created_at,timestamp with time zone,NO
public,fin_bills,updated_at,timestamp with time zone,NO
public,fin_bills,deleted_at,timestamp with time zone,YES
public,fin_commission_ledger,id,uuid,NO
public,fin_commission_ledger,org_id,uuid,YES
public,fin_commission_ledger,sales_executive_id,uuid,NO
public,fin_commission_ledger,journal_entry_id,uuid,YES
public,fin_commission_ledger,opportunity_id,uuid,YES
public,fin_commission_ledger,invoice_id,uuid,YES
public,fin_commission_ledger,commission_amount,numeric,NO
public,fin_commission_ledger,status,text,YES
public,fin_commission_ledger,created_at,timestamp with time zone,NO
public,fin_credit_notes,id,uuid,NO
public,fin_credit_notes,org_id,uuid,YES
public,fin_credit_notes,customer_id,uuid,NO
public,fin_credit_notes,invoice_id,uuid,YES
public,fin_credit_notes,journal_entry_id,uuid,YES
public,fin_credit_notes,credit_note_number,text,NO
public,fin_credit_notes,issue_date,date,NO
public,fin_credit_notes,amount,numeric,NO
public,fin_credit_notes,reason,text,NO
public,fin_credit_notes,status,text,YES
public,fin_credit_notes,created_by,uuid,YES
public,fin_credit_notes,created_at,timestamp with time zone,NO
public,fin_debit_notes,id,uuid,NO
public,fin_debit_notes,org_id,uuid,YES
public,fin_debit_notes,supplier_id,uuid,NO
public,fin_debit_notes,bill_id,uuid,YES
public,fin_debit_notes,journal_entry_id,uuid,YES
public,fin_debit_notes,debit_note_number,text,NO
public,fin_debit_notes,issue_date,date,NO
public,fin_debit_notes,amount,numeric,NO
public,fin_debit_notes,reason,text,NO
public,fin_debit_notes,status,text,YES
public,fin_debit_notes,created_by,uuid,YES
public,fin_debit_notes,created_at,timestamp with time zone,NO
public,fin_invoices,id,uuid,NO
public,fin_invoices,org_id,uuid,YES
public,fin_invoices,oms_invoice_id,uuid,YES
public,fin_invoices,customer_id,uuid,NO
public,fin_invoices,journal_entry_id,uuid,YES
public,fin_invoices,invoice_number,text,NO
public,fin_invoices,issue_date,date,NO
public,fin_invoices,due_date,date,NO
public,fin_invoices,subtotal,numeric,NO
public,fin_invoices,total_tax,numeric,NO
public,fin_invoices,grand_total,numeric,NO
public,fin_invoices,amount_paid,numeric,NO
public,fin_invoices,outstanding_balance,numeric,YES
public,fin_invoices,status,USER-DEFINED,YES
public,fin_invoices,created_by,uuid,YES
public,fin_invoices,updated_by,uuid,YES
public,fin_invoices,created_at,timestamp with time zone,NO
public,fin_invoices,updated_at,timestamp with time zone,NO
public,fin_invoices,deleted_at,timestamp with time zone,YES
public,fin_journal_entries,id,uuid,NO
public,fin_journal_entries,org_id,uuid,YES
public,fin_journal_entries,entry_number,text,NO
public,fin_journal_entries,entry_date,date,NO
public,fin_journal_entries,reference,text,YES
public,fin_journal_entries,description,text,NO
public,fin_journal_entries,status,USER-DEFINED,YES
public,fin_journal_entries,created_by,uuid,YES
public,fin_journal_entries,posted_by,uuid,YES
public,fin_journal_entries,created_at,timestamp with time zone,NO
public,fin_journal_entries,updated_at,timestamp with time zone,NO
public,fin_ledger_lines,id,uuid,NO
public,fin_ledger_lines,journal_entry_id,uuid,NO
public,fin_ledger_lines,account_id,uuid,NO
public,fin_ledger_lines,description,text,YES
public,fin_ledger_lines,dr_amount,numeric,NO
public,fin_ledger_lines,cr_amount,numeric,NO
public,fin_ledger_lines,created_at,timestamp with time zone,NO
public,fin_salary_slips,id,uuid,NO
public,fin_salary_slips,org_id,uuid,YES
public,fin_salary_slips,employee_id,uuid,NO
public,fin_salary_slips,journal_entry_id,uuid,YES
public,fin_salary_slips,month_year,text,NO
public,fin_salary_slips,basic_salary,numeric,NO
public,fin_salary_slips,allowances,numeric,NO
public,fin_salary_slips,deductions,numeric,NO
public,fin_salary_slips,net_salary,numeric,YES
public,fin_salary_slips,status,text,YES
public,fin_salary_slips,created_by,uuid,YES
public,fin_salary_slips,updated_by,uuid,YES
public,fin_salary_slips,created_at,timestamp with time zone,NO
public,fin_salary_slips,updated_at,timestamp with time zone,NO
public,fin_salary_slips,deleted_at,timestamp with time zone,YES
public,fin_tax_ledger,id,uuid,NO
public,fin_tax_ledger,org_id,uuid,YES
public,fin_tax_ledger,tax_rate_id,uuid,NO
public,fin_tax_ledger,journal_entry_id,uuid,NO
public,fin_tax_ledger,tax_direction,text,NO
public,fin_tax_ledger,taxable_amount,numeric,NO
public,fin_tax_ledger,tax_amount,numeric,NO
public,fin_tax_ledger,created_at,timestamp with time zone,NO
public,fin_tax_rates,id,uuid,NO
public,fin_tax_rates,org_id,uuid,YES
public,fin_tax_rates,name,text,NO
public,fin_tax_rates,tax_type,text,NO
public,fin_tax_rates,rate_percentage,numeric,NO
public,fin_tax_rates,is_active,boolean,YES
public,fin_tax_rates,created_by,uuid,YES
public,fin_tax_rates,updated_by,uuid,YES
public,fin_tax_rates,created_at,timestamp with time zone,NO
public,fin_tax_rates,updated_at,timestamp with time zone,NO
public,fin_tax_rates,deleted_at,timestamp with time zone,YES
public,free_installation_slots,id,uuid,NO
public,free_installation_slots,company_id,uuid,YES
public,free_installation_slots,branch_id,uuid,YES
public,free_installation_slots,slot_start,timestamp with time zone,NO
public,free_installation_slots,slot_end,timestamp with time zone,NO
public,free_installation_slots,capacity,integer,NO
public,free_installation_slots,booked_count,integer,NO
public,free_installation_slots,status,USER-DEFINED,NO
public,free_installation_slots,metadata,jsonb,NO
public,free_installation_slots,created_by,uuid,YES
public,free_installation_slots,updated_by,uuid,YES
public,free_installation_slots,deleted_by,uuid,YES
public,free_installation_slots,created_at,timestamp with time zone,NO
public,free_installation_slots,updated_at,timestamp with time zone,NO
public,free_installation_slots,deleted_at,timestamp with time zone,YES
public,gdpr_deletion_requests,id,uuid,NO
public,gdpr_deletion_requests,user_id,uuid,YES
public,gdpr_deletion_requests,customer_id,uuid,YES
public,gdpr_deletion_requests,status,text,NO
public,gdpr_deletion_requests,requested_at,timestamp with time zone,NO
public,gdpr_deletion_requests,processed_at,timestamp with time zone,YES
public,gdpr_deletion_requests,metadata,jsonb,NO
public,gdpr_deletion_requests,created_by,uuid,YES
public,gdpr_deletion_requests,updated_by,uuid,YES
public,gdpr_deletion_requests,deleted_by,uuid,YES
public,gdpr_deletion_requests,created_at,timestamp with time zone,NO
public,gdpr_deletion_requests,updated_at,timestamp with time zone,NO
public,gdpr_deletion_requests,deleted_at,timestamp with time zone,YES
public,go_live_checklists,id,uuid,NO
public,go_live_checklists,release_id,uuid,NO
public,go_live_checklists,checklist_name,text,NO
public,go_live_checklists,items,jsonb,NO
public,go_live_checklists,approved_by_id,uuid,YES
public,go_live_checklists,approved_at,timestamp with time zone,YES
public,go_live_checklists,status,text,NO
public,go_live_checklists,created_at,timestamp with time zone,NO
public,gst_rates,id,uuid,NO
public,gst_rates,code,text,NO
public,gst_rates,rate,numeric,NO
public,gst_rates,description,text,YES
public,gst_rates,status,USER-DEFINED,NO
public,gst_rates,metadata,jsonb,NO
public,gst_rates,created_by,uuid,YES
public,gst_rates,updated_by,uuid,YES
public,gst_rates,deleted_by,uuid,YES
public,gst_rates,created_at,timestamp with time zone,NO
public,gst_rates,updated_at,timestamp with time zone,NO
public,gst_rates,deleted_at,timestamp with time zone,YES
public,hr_attendance,id,uuid,NO
public,hr_attendance,employee_id,uuid,NO
public,hr_attendance,attendance_date,date,NO
public,hr_attendance,clock_in_time,timestamp with time zone,YES
public,hr_attendance,clock_out_time,timestamp with time zone,YES
public,hr_attendance,clock_in_lat,numeric,YES
public,hr_attendance,clock_in_lng,numeric,YES
public,hr_attendance,clock_out_lat,numeric,YES
public,hr_attendance,clock_out_lng,numeric,YES
public,hr_attendance,status,USER-DEFINED,YES
public,hr_attendance,total_hours_worked,numeric,YES
public,hr_attendance,remarks,text,YES
public,hr_attendance,created_by,uuid,YES
public,hr_attendance,updated_by,uuid,YES
public,hr_attendance,created_at,timestamp with time zone,NO
public,hr_attendance,updated_at,timestamp with time zone,NO
public,hr_documents,id,uuid,NO
public,hr_documents,employee_id,uuid,NO
public,hr_documents,document_type,text,NO
public,hr_documents,document_url,text,NO
public,hr_documents,is_verified,boolean,YES
public,hr_documents,verified_by,uuid,YES
public,hr_documents,created_by,uuid,YES
public,hr_documents,created_at,timestamp with time zone,NO
public,hr_documents,updated_at,timestamp with time zone,NO
public,hr_documents,deleted_at,timestamp with time zone,YES
public,hr_employee_trainings,id,uuid,NO
public,hr_employee_trainings,employee_id,uuid,NO
public,hr_employee_trainings,program_id,uuid,NO
public,hr_employee_trainings,status,text,YES
public,hr_employee_trainings,assessment_score,numeric,YES
public,hr_employee_trainings,completed_at,timestamp with time zone,YES
public,hr_employee_trainings,created_by,uuid,YES
public,hr_employee_trainings,created_at,timestamp with time zone,NO
public,hr_employee_trainings,updated_at,timestamp with time zone,NO
public,hr_employees,id,uuid,NO
public,hr_employees,org_id,uuid,YES
public,hr_employees,user_id,uuid,NO
public,hr_employees,employee_code,text,NO
public,hr_employees,employment_type,USER-DEFINED,YES
public,hr_employees,joining_date,date,NO
public,hr_employees,probation_end_date,date,YES
public,hr_employees,exit_date,date,YES
public,hr_employees,date_of_birth,date,YES
public,hr_employees,gender,text,YES
public,hr_employees,blood_group,text,YES
public,hr_employees,national_id_number,text,YES
public,hr_employees,emergency_contact_name,text,YES
public,hr_employees,emergency_contact_phone,text,YES
public,hr_employees,bank_account_name,text,YES
public,hr_employees,bank_account_number,text,YES
public,hr_employees,bank_routing_code,text,YES
public,hr_employees,is_active,boolean,YES
public,hr_employees,created_by,uuid,YES
public,hr_employees,updated_by,uuid,YES
public,hr_employees,created_at,timestamp with time zone,NO
public,hr_employees,updated_at,timestamp with time zone,NO
public,hr_employees,deleted_at,timestamp with time zone,YES
public,hr_holidays,id,uuid,NO
public,hr_holidays,org_id,uuid,YES
public,hr_holidays,branch_id,uuid,YES
public,hr_holidays,name,text,NO
public,hr_holidays,holiday_date,date,NO
public,hr_holidays,is_optional,boolean,YES
public,hr_holidays,created_by,uuid,YES
public,hr_holidays,created_at,timestamp with time zone,NO
public,hr_holidays,updated_at,timestamp with time zone,NO
public,hr_holidays,deleted_at,timestamp with time zone,YES
public,hr_leave_balances,id,uuid,NO
public,hr_leave_balances,employee_id,uuid,NO
public,hr_leave_balances,leave_type_id,uuid,NO
public,hr_leave_balances,year,integer,NO
public,hr_leave_balances,total_accrued,numeric,NO
public,hr_leave_balances,total_used,numeric,NO
public,hr_leave_balances,balance,numeric,YES
public,hr_leave_balances,created_at,timestamp with time zone,NO
public,hr_leave_balances,updated_at,timestamp with time zone,NO
public,hr_leave_requests,id,uuid,NO
public,hr_leave_requests,employee_id,uuid,NO
public,hr_leave_requests,leave_type_id,uuid,NO
public,hr_leave_requests,start_date,date,NO
public,hr_leave_requests,end_date,date,NO
public,hr_leave_requests,total_days,numeric,NO
public,hr_leave_requests,reason,text,NO
public,hr_leave_requests,status,USER-DEFINED,YES
public,hr_leave_requests,approved_by,uuid,YES
public,hr_leave_requests,approved_at,timestamp with time zone,YES
public,hr_leave_requests,created_by,uuid,YES
public,hr_leave_requests,updated_by,uuid,YES
public,hr_leave_requests,created_at,timestamp with time zone,NO
public,hr_leave_requests,updated_at,timestamp with time zone,NO
public,hr_leave_requests,deleted_at,timestamp with time zone,YES
public,hr_leave_types,id,uuid,NO
public,hr_leave_types,org_id,uuid,YES
public,hr_leave_types,name,text,NO
public,hr_leave_types,annual_allowance,numeric,NO
public,hr_leave_types,is_carry_forward,boolean,YES
public,hr_leave_types,max_carry_forward,numeric,YES
public,hr_leave_types,is_unpaid,boolean,YES
public,hr_leave_types,created_by,uuid,YES
public,hr_leave_types,created_at,timestamp with time zone,NO
public,hr_leave_types,updated_at,timestamp with time zone,NO
public,hr_leave_types,deleted_at,timestamp with time zone,YES
public,hr_payroll_runs,id,uuid,NO
public,hr_payroll_runs,org_id,uuid,YES
public,hr_payroll_runs,month_year,text,NO
public,hr_payroll_runs,status,USER-DEFINED,YES
public,hr_payroll_runs,total_employees,integer,YES
public,hr_payroll_runs,total_payout,numeric,YES
public,hr_payroll_runs,processed_by,uuid,YES
public,hr_payroll_runs,processed_at,timestamp with time zone,YES
public,hr_payroll_runs,created_by,uuid,YES
public,hr_payroll_runs,created_at,timestamp with time zone,NO
public,hr_payroll_runs,updated_at,timestamp with time zone,NO
public,hr_payroll_runs,deleted_at,timestamp with time zone,YES
public,hr_payslips,id,uuid,NO
public,hr_payslips,payroll_run_id,uuid,NO
public,hr_payslips,employee_id,uuid,NO
public,hr_payslips,fin_salary_slip_id,uuid,YES
public,hr_payslips,days_present,numeric,NO
public,hr_payslips,days_absent,numeric,NO
public,hr_payslips,basic_salary,numeric,NO
public,hr_payslips,hra_allowance,numeric,NO
public,hr_payslips,special_allowance,numeric,NO
public,hr_payslips,pf_deduction,numeric,NO
public,hr_payslips,tax_deduction,numeric,NO
public,hr_payslips,gross_earnings,numeric,YES
public,hr_payslips,total_deductions,numeric,YES
public,hr_payslips,net_payable,numeric,YES
public,hr_payslips,status,USER-DEFINED,YES
public,hr_payslips,created_at,timestamp with time zone,NO
public,hr_payslips,updated_at,timestamp with time zone,NO
public,hr_performance_reviews,id,uuid,NO
public,hr_performance_reviews,employee_id,uuid,NO
public,hr_performance_reviews,manager_id,uuid,YES
public,hr_performance_reviews,review_period,text,NO
public,hr_performance_reviews,self_assessment_text,text,YES
public,hr_performance_reviews,manager_feedback_text,text,YES
public,hr_performance_reviews,kpi_score,numeric,YES
public,hr_performance_reviews,final_rating,text,YES
public,hr_performance_reviews,status,text,YES
public,hr_performance_reviews,created_by,uuid,YES
public,hr_performance_reviews,updated_by,uuid,YES
public,hr_performance_reviews,created_at,timestamp with time zone,NO
public,hr_performance_reviews,updated_at,timestamp with time zone,NO
public,hr_performance_reviews,deleted_at,timestamp with time zone,YES
public,hr_salary_structures,id,uuid,NO
public,hr_salary_structures,employee_id,uuid,NO
public,hr_salary_structures,annual_ctc,numeric,NO
public,hr_salary_structures,basic_salary,numeric,NO
public,hr_salary_structures,hra_allowance,numeric,NO
public,hr_salary_structures,special_allowance,numeric,NO
public,hr_salary_structures,pf_deduction,numeric,NO
public,hr_salary_structures,tax_deduction,numeric,NO
public,hr_salary_structures,effective_from,date,NO
public,hr_salary_structures,created_by,uuid,YES
public,hr_salary_structures,updated_by,uuid,YES
public,hr_salary_structures,created_at,timestamp with time zone,NO
public,hr_salary_structures,updated_at,timestamp with time zone,NO
public,hr_salary_structures,deleted_at,timestamp with time zone,YES
public,hr_training_programs,id,uuid,NO
public,hr_training_programs,org_id,uuid,YES
public,hr_training_programs,name,text,NO
public,hr_training_programs,description,text,YES
public,hr_training_programs,is_mandatory,boolean,YES
public,hr_training_programs,duration_hours,numeric,YES
public,hr_training_programs,created_by,uuid,YES
public,hr_training_programs,updated_by,uuid,YES
public,hr_training_programs,created_at,timestamp with time zone,NO
public,hr_training_programs,updated_at,timestamp with time zone,NO
public,hr_training_programs,deleted_at,timestamp with time zone,YES
public,hsn_codes,id,uuid,NO
public,hsn_codes,code,text,NO
public,hsn_codes,description,text,YES
public,hsn_codes,gst_rate_id,uuid,YES
public,hsn_codes,is_service,boolean,NO
public,hsn_codes,status,USER-DEFINED,NO
public,hsn_codes,metadata,jsonb,NO
public,hsn_codes,created_by,uuid,YES
public,hsn_codes,updated_by,uuid,YES
public,hsn_codes,deleted_by,uuid,YES
public,hsn_codes,created_at,timestamp with time zone,NO
public,hsn_codes,updated_at,timestamp with time zone,NO
public,hsn_codes,deleted_at,timestamp with time zone,YES
public,hypercare_tickets,id,uuid,NO
public,hypercare_tickets,incident_id,uuid,YES
public,hypercare_tickets,title,text,NO
public,hypercare_tickets,description,text,NO
public,hypercare_tickets,priority,text,NO
public,hypercare_tickets,status,text,NO
public,hypercare_tickets,response_sla,text,NO
public,hypercare_tickets,assigned_to_user_id,uuid,YES
public,hypercare_tickets,created_at,timestamp with time zone,NO
public,hypercare_tickets,resolved_at,timestamp with time zone,YES
public,incident_reports,id,uuid,NO
public,incident_reports,title,text,NO
public,incident_reports,description,text,NO
public,incident_reports,severity,text,NO
public,incident_reports,status,text,NO
public,incident_reports,owner_user_id,uuid,YES
public,incident_reports,detected_at,timestamp with time zone,YES
public,incident_reports,resolved_at,timestamp with time zone,YES
public,incident_reports,post_incident_notes,text,YES
public,incident_reports,created_at,timestamp with time zone,NO
public,inquiries,id,uuid,NO
public,inquiries,company_id,uuid,YES
public,inquiries,name,text,YES
public,inquiries,email,USER-DEFINED,YES
public,inquiries,phone,text,YES
public,inquiries,subject,text,YES
public,inquiries,message,text,YES
public,inquiries,status,text,NO
public,inquiries,assigned_to,uuid,YES
public,inquiries,metadata,jsonb,NO
public,inquiries,created_by,uuid,YES
public,inquiries,updated_by,uuid,YES
public,inquiries,deleted_by,uuid,YES
public,inquiries,created_at,timestamp with time zone,NO
public,inquiries,updated_at,timestamp with time zone,NO
public,inquiries,deleted_at,timestamp with time zone,YES
public,installations,id,uuid,NO
public,installations,company_id,uuid,YES
public,installations,customer_id,uuid,YES
public,installations,order_id,uuid,YES
public,installations,product_id,uuid,YES
public,installations,inventory_item_id,uuid,YES
public,installations,engineer_id,uuid,YES
public,installations,installed_at,timestamp with time zone,YES
public,installations,address,jsonb,NO
public,installations,status,text,NO
public,installations,metadata,jsonb,NO
public,installations,created_by,uuid,YES
public,installations,updated_by,uuid,YES
public,installations,deleted_by,uuid,YES
public,installations,created_at,timestamp with time zone,NO
public,installations,updated_at,timestamp with time zone,NO
public,installations,deleted_at,timestamp with time zone,YES
public,integration_providers,id,uuid,NO
public,integration_providers,provider_type,text,NO
public,integration_providers,provider_name,text,NO
public,integration_providers,is_primary,boolean,NO
public,integration_providers,is_enabled,boolean,NO
public,integration_providers,created_at,timestamp with time zone,NO
public,integration_settings,id,uuid,NO
public,integration_settings,provider_id,uuid,NO
public,integration_settings,key,text,NO
public,integration_settings,value_encrypted,text,NO
public,integration_settings,updated_at,timestamp with time zone,NO
public,integrations,id,uuid,NO
public,integrations,company_id,uuid,YES
public,integrations,provider,text,NO
public,integrations,name,text,NO
public,integrations,config,jsonb,NO
public,integrations,encrypted_secrets,bytea,YES
public,integrations,status,USER-DEFINED,NO
public,integrations,last_synced_at,timestamp with time zone,YES
public,integrations,metadata,jsonb,NO
public,integrations,created_by,uuid,YES
public,integrations,updated_by,uuid,YES
public,integrations,deleted_by,uuid,YES
public,integrations,created_at,timestamp with time zone,NO
public,integrations,updated_at,timestamp with time zone,NO
public,integrations,deleted_at,timestamp with time zone,YES
public,inv_purchase_items,id,uuid,NO
public,inv_purchase_items,po_id,uuid,NO
public,inv_purchase_items,variant_id,uuid,NO
public,inv_purchase_items,ordered_qty,integer,NO
public,inv_purchase_items,received_qty,integer,YES
public,inv_purchase_items,unit_cost,numeric,NO
public,inv_purchase_items,created_by,uuid,YES
public,inv_purchase_items,updated_by,uuid,YES
public,inv_purchase_items,created_at,timestamp with time zone,NO
public,inv_purchase_items,updated_at,timestamp with time zone,NO
public,inv_purchase_items,deleted_at,timestamp with time zone,YES
public,inv_purchase_orders,id,uuid,NO
public,inv_purchase_orders,org_id,uuid,YES
public,inv_purchase_orders,supplier_id,uuid,NO
public,inv_purchase_orders,warehouse_id,uuid,NO
public,inv_purchase_orders,po_number,text,NO
public,inv_purchase_orders,status,text,YES
public,inv_purchase_orders,expected_delivery_date,date,YES
public,inv_purchase_orders,total_amount,numeric,YES
public,inv_purchase_orders,created_by,uuid,YES
public,inv_purchase_orders,updated_by,uuid,YES
public,inv_purchase_orders,created_at,timestamp with time zone,NO
public,inv_purchase_orders,updated_at,timestamp with time zone,NO
public,inv_purchase_orders,deleted_at,timestamp with time zone,YES
public,inv_serial_numbers,id,uuid,NO
public,inv_serial_numbers,variant_id,uuid,NO
public,inv_serial_numbers,warehouse_id,uuid,YES
public,inv_serial_numbers,serial_number,text,NO
public,inv_serial_numbers,rfid_tag,text,YES
public,inv_serial_numbers,barcode,text,YES
public,inv_serial_numbers,status,text,YES
public,inv_serial_numbers,po_id,uuid,YES
public,inv_serial_numbers,created_by,uuid,YES
public,inv_serial_numbers,updated_by,uuid,YES
public,inv_serial_numbers,created_at,timestamp with time zone,NO
public,inv_serial_numbers,updated_at,timestamp with time zone,NO
public,inv_serial_numbers,deleted_at,timestamp with time zone,YES
public,inv_stock,id,uuid,NO
public,inv_stock,warehouse_id,uuid,NO
public,inv_stock,variant_id,uuid,NO
public,inv_stock,quantity_on_hand,integer,NO
public,inv_stock,quantity_reserved,integer,NO
public,inv_stock,reorder_level,integer,YES
public,inv_stock,created_by,uuid,YES
public,inv_stock,updated_by,uuid,YES
public,inv_stock,created_at,timestamp with time zone,NO
public,inv_stock,updated_at,timestamp with time zone,NO
public,inv_stock,deleted_at,timestamp with time zone,YES
public,inv_stock_adjustments,id,uuid,NO
public,inv_stock_adjustments,warehouse_id,uuid,NO
public,inv_stock_adjustments,variant_id,uuid,NO
public,inv_stock_adjustments,quantity_change,integer,NO
public,inv_stock_adjustments,reason,text,NO
public,inv_stock_adjustments,created_by,uuid,YES
public,inv_stock_adjustments,updated_by,uuid,YES
public,inv_stock_adjustments,created_at,timestamp with time zone,NO
public,inv_stock_adjustments,updated_at,timestamp with time zone,NO
public,inv_stock_adjustments,deleted_at,timestamp with time zone,YES
public,inv_stock_history,id,uuid,NO
public,inv_stock_history,warehouse_id,uuid,NO
public,inv_stock_history,variant_id,uuid,NO
public,inv_stock_history,movement_type,USER-DEFINED,NO
public,inv_stock_history,quantity_changed,integer,NO
public,inv_stock_history,quantity_after,integer,NO
public,inv_stock_history,reference_id,uuid,YES
public,inv_stock_history,recorded_by,uuid,YES
public,inv_stock_history,recorded_at,timestamp with time zone,NO
public,inv_stock_transfers,id,uuid,NO
public,inv_stock_transfers,org_id,uuid,YES
public,inv_stock_transfers,from_warehouse_id,uuid,NO
public,inv_stock_transfers,to_warehouse_id,uuid,NO
public,inv_stock_transfers,variant_id,uuid,NO
public,inv_stock_transfers,quantity,integer,NO
public,inv_stock_transfers,status,text,YES
public,inv_stock_transfers,created_by,uuid,YES
public,inv_stock_transfers,updated_by,uuid,YES
public,inv_stock_transfers,created_at,timestamp with time zone,NO
public,inv_stock_transfers,updated_at,timestamp with time zone,NO
public,inv_stock_transfers,deleted_at,timestamp with time zone,YES
public,inv_suppliers,id,uuid,NO
public,inv_suppliers,org_id,uuid,YES
public,inv_suppliers,name,text,NO
public,inv_suppliers,contact_name,text,YES
public,inv_suppliers,email,text,YES
public,inv_suppliers,phone,text,YES
public,inv_suppliers,address,jsonb,YES
public,inv_suppliers,tax_id,text,YES
public,inv_suppliers,created_by,uuid,YES
public,inv_suppliers,updated_by,uuid,YES
public,inv_suppliers,created_at,timestamp with time zone,NO
public,inv_suppliers,updated_at,timestamp with time zone,NO
public,inv_suppliers,deleted_at,timestamp with time zone,YES
public,inv_warehouses,id,uuid,NO
public,inv_warehouses,org_id,uuid,YES
public,inv_warehouses,branch_id,uuid,YES
public,inv_warehouses,name,text,NO
public,inv_warehouses,code,text,NO
public,inv_warehouses,address,jsonb,YES
public,inv_warehouses,is_active,boolean,YES
public,inv_warehouses,created_by,uuid,YES
public,inv_warehouses,updated_by,uuid,YES
public,inv_warehouses,created_at,timestamp with time zone,NO
public,inv_warehouses,updated_at,timestamp with time zone,NO
public,inv_warehouses,deleted_at,timestamp with time zone,YES
public,inventory,id,uuid,NO
public,inventory,product_id,uuid,NO
public,inventory,variant_id,uuid,YES
public,inventory,warehouse_id,uuid,YES
public,inventory,serial_number,text,YES
public,inventory,quantity,integer,NO
public,inventory,status,text,NO
public,inventory,metadata,jsonb,NO
public,inventory,created_by,uuid,YES
public,inventory,updated_by,uuid,YES
public,inventory,deleted_by,uuid,YES
public,inventory,created_at,timestamp with time zone,NO
public,inventory,updated_at,timestamp with time zone,NO
public,inventory,deleted_at,timestamp with time zone,YES
public,inventory_items,id,uuid,NO
public,inventory_items,product_id,uuid,NO
public,inventory_items,variant_id,uuid,YES
public,inventory_items,warehouse_id,uuid,YES
public,inventory_items,serial_number,text,YES
public,inventory_items,imei,text,YES
public,inventory_items,batch_number,text,YES
public,inventory_items,status,text,NO
public,inventory_items,cost_price,numeric,YES
public,inventory_items,warranty_starts_at,date,YES
public,inventory_items,warranty_ends_at,date,YES
public,inventory_items,metadata,jsonb,NO
public,inventory_items,created_by,uuid,YES
public,inventory_items,updated_by,uuid,YES
public,inventory_items,deleted_by,uuid,YES
public,inventory_items,created_at,timestamp with time zone,NO
public,inventory_items,updated_at,timestamp with time zone,NO
public,inventory_items,deleted_at,timestamp with time zone,YES
public,invoice_items,id,uuid,NO
public,invoice_items,invoice_id,uuid,NO
public,invoice_items,order_item_id,uuid,YES
public,invoice_items,description,text,NO
public,invoice_items,quantity,integer,NO
public,invoice_items,unit_price,numeric,NO
public,invoice_items,tax_amount,numeric,NO
public,invoice_items,total,numeric,NO
public,invoice_items,metadata,jsonb,NO
public,invoice_items,created_by,uuid,YES
public,invoice_items,updated_by,uuid,YES
public,invoice_items,deleted_by,uuid,YES
public,invoice_items,created_at,timestamp with time zone,NO
public,invoice_items,updated_at,timestamp with time zone,NO
public,invoice_items,deleted_at,timestamp with time zone,YES
public,invoices,id,uuid,NO
public,invoices,company_id,uuid,YES
public,invoices,order_id,uuid,YES
public,invoices,customer_id,uuid,YES
public,invoices,invoice_number,text,NO
public,invoices,invoice_date,date,NO
public,invoices,due_date,date,YES
public,invoices,status,text,NO
public,invoices,subtotal,numeric,NO
public,invoices,tax_amount,numeric,NO
public,invoices,total,numeric,NO
public,invoices,pdf_url,text,YES
public,invoices,metadata,jsonb,NO
public,invoices,created_by,uuid,YES
public,invoices,updated_by,uuid,YES
public,invoices,deleted_by,uuid,YES
public,invoices,created_at,timestamp with time zone,NO
public,invoices,updated_at,timestamp with time zone,NO
public,invoices,deleted_at,timestamp with time zone,YES
public,leads,id,uuid,NO
public,leads,company_id,uuid,YES
public,leads,customer_id,uuid,YES
public,leads,sender_number,text,YES
public,leads,domain,USER-DEFINED,NO
public,leads,sub_category,text,YES
public,leads,source,text,YES
public,leads,pincode,text,YES
public,leads,address,text,YES
public,leads,status,text,NO
public,leads,assigned_to,uuid,YES
public,leads,score,integer,NO
public,leads,metadata,jsonb,NO
public,leads,search_vector,tsvector,YES
public,leads,created_by,uuid,YES
public,leads,updated_by,uuid,YES
public,leads,deleted_by,uuid,YES
public,leads,created_at,timestamp with time zone,NO
public,leads,updated_at,timestamp with time zone,NO
public,leads,deleted_at,timestamp with time zone,YES
public,leave_requests,id,uuid,NO
public,leave_requests,staff_id,uuid,NO
public,leave_requests,leave_type,text,NO
public,leave_requests,starts_on,date,NO
public,leave_requests,ends_on,date,NO
public,leave_requests,reason,text,YES
public,leave_requests,status,text,NO
public,leave_requests,approved_by,uuid,YES
public,leave_requests,approved_at,timestamp with time zone,YES
public,leave_requests,metadata,jsonb,NO
public,leave_requests,created_by,uuid,YES
public,leave_requests,updated_by,uuid,YES
public,leave_requests,deleted_by,uuid,YES
public,leave_requests,created_at,timestamp with time zone,NO
public,leave_requests,updated_at,timestamp with time zone,NO
public,leave_requests,deleted_at,timestamp with time zone,YES
public,load_test_results,id,uuid,NO
public,load_test_results,release_id,uuid,YES
public,load_test_results,concurrent_users,integer,NO
public,load_test_results,throughput_rps,numeric,NO
public,load_test_results,avg_latency_ms,numeric,NO
public,load_test_results,p95_latency_ms,numeric,NO
public,load_test_results,cpu_usage_percent,numeric,NO
public,load_test_results,memory_usage_percent,numeric,NO
public,load_test_results,db_load_percent,numeric,NO
public,load_test_results,status,text,NO
public,load_test_results,executed_at,timestamp with time zone,NO
public,marketing_broadcast_logs,id,uuid,NO
public,marketing_broadcast_logs,broadcast_message_id,uuid,YES
public,marketing_broadcast_logs,event_type,text,NO
public,marketing_broadcast_logs,payload,jsonb,NO
public,marketing_broadcast_logs,created_by,uuid,YES
public,marketing_broadcast_logs,updated_by,uuid,YES
public,marketing_broadcast_logs,deleted_by,uuid,YES
public,marketing_broadcast_logs,created_at,timestamp with time zone,NO
public,marketing_broadcast_logs,updated_at,timestamp with time zone,NO
public,marketing_broadcast_logs,deleted_at,timestamp with time zone,YES
public,marketing_campaigns,id,uuid,NO
public,marketing_campaigns,company_id,uuid,YES
public,marketing_campaigns,name,text,NO
public,marketing_campaigns,campaign_type,text,NO
public,marketing_campaigns,status,USER-DEFINED,NO
public,marketing_campaigns,audience,jsonb,NO
public,marketing_campaigns,schedule_at,timestamp with time zone,YES
public,marketing_campaigns,started_at,timestamp with time zone,YES
public,marketing_campaigns,completed_at,timestamp with time zone,YES
public,marketing_campaigns,created_by_profile_id,uuid,YES
public,marketing_campaigns,metadata,jsonb,NO
public,marketing_campaigns,created_by,uuid,YES
public,marketing_campaigns,updated_by,uuid,YES
public,marketing_campaigns,deleted_by,uuid,YES
public,marketing_campaigns,created_at,timestamp with time zone,NO
public,marketing_campaigns,updated_at,timestamp with time zone,NO
public,marketing_campaigns,deleted_at,timestamp with time zone,YES
public,migration_history,id,uuid,NO
public,migration_history,release_id,uuid,YES
public,migration_history,migration_name,text,NO
public,migration_history,applied_by_id,uuid,YES
public,migration_history,started_at,timestamp with time zone,YES
public,migration_history,completed_at,timestamp with time zone,YES
public,migration_history,status,text,NO
public,migration_history,rollback_script_reference,text,YES
public,migration_history,created_at,timestamp with time zone,NO
public,mkt_audience_members,id,uuid,NO
public,mkt_audience_members,audience_id,uuid,NO
public,mkt_audience_members,customer_id,uuid,YES
public,mkt_audience_members,lead_id,uuid,YES
public,mkt_audience_members,added_at,timestamp with time zone,NO
public,mkt_audience_members,is_unsubscribed,boolean,YES
public,mkt_audiences,id,uuid,NO
public,mkt_audiences,org_id,uuid,YES
public,mkt_audiences,name,text,NO
public,mkt_audiences,description,text,YES
public,mkt_audiences,is_dynamic,boolean,YES
public,mkt_audiences,created_by,uuid,YES
public,mkt_audiences,updated_by,uuid,YES
public,mkt_audiences,created_at,timestamp with time zone,NO
public,mkt_audiences,updated_at,timestamp with time zone,NO
public,mkt_audiences,deleted_at,timestamp with time zone,YES
public,mkt_campaign_analytics,id,uuid,NO
public,mkt_campaign_analytics,campaign_id,uuid,YES
public,mkt_campaign_analytics,phone,text,YES
public,mkt_campaign_analytics,message_id,text,YES
public,mkt_campaign_analytics,status,text,YES
public,mkt_campaign_analytics,sent_at,timestamp with time zone,NO
public,mkt_campaign_analytics,provider_payload,jsonb,NO
public,mkt_campaign_analytics,created_at,timestamp with time zone,NO
public,mkt_campaign_analytics,updated_at,timestamp with time zone,NO
public,mkt_campaigns,id,uuid,NO
public,mkt_campaigns,name,text,NO
public,mkt_campaigns,description,text,YES
public,mkt_campaigns,status,text,NO
public,mkt_campaigns,created_by,uuid,YES
public,mkt_campaigns,created_at,timestamp with time zone,NO
public,mkt_campaigns,updated_at,timestamp with time zone,NO
public,mkt_email_broadcasts,id,uuid,NO
public,mkt_email_broadcasts,campaign_id,uuid,NO
public,mkt_email_broadcasts,audience_id,uuid,NO
public,mkt_email_broadcasts,subject_line,text,NO
public,mkt_email_broadcasts,preheader_text,text,YES
public,mkt_email_broadcasts,sender_name,text,YES
public,mkt_email_broadcasts,sender_email,text,YES
public,mkt_email_broadcasts,html_body,text,NO
public,mkt_email_broadcasts,status,USER-DEFINED,YES
public,mkt_email_broadcasts,scheduled_for,timestamp with time zone,YES
public,mkt_email_broadcasts,created_by,uuid,YES
public,mkt_email_broadcasts,updated_by,uuid,YES
public,mkt_email_broadcasts,created_at,timestamp with time zone,NO
public,mkt_email_broadcasts,updated_at,timestamp with time zone,NO
public,mkt_email_broadcasts,deleted_at,timestamp with time zone,YES
public,mkt_events,id,uuid,NO
public,mkt_events,org_id,uuid,YES
public,mkt_events,name,text,NO
public,mkt_events,event_type,text,NO
public,mkt_events,start_time,timestamp with time zone,NO
public,mkt_events,end_time,timestamp with time zone,NO
public,mkt_events,location_url,text,YES
public,mkt_events,max_capacity,integer,YES
public,mkt_events,registered_count,integer,YES
public,mkt_events,created_by,uuid,YES
public,mkt_events,updated_by,uuid,YES
public,mkt_events,created_at,timestamp with time zone,NO
public,mkt_events,updated_at,timestamp with time zone,NO
public,mkt_events,deleted_at,timestamp with time zone,YES
public,mkt_google_reviews,id,uuid,NO
public,mkt_google_reviews,org_id,uuid,YES
public,mkt_google_reviews,gmb_review_id,text,NO
public,mkt_google_reviews,reviewer_name,text,NO
public,mkt_google_reviews,reviewer_photo_url,text,YES
public,mkt_google_reviews,rating,integer,NO
public,mkt_google_reviews,review_text,text,YES
public,mkt_google_reviews,reply_text,text,YES
public,mkt_google_reviews,replied_at,timestamp with time zone,YES
public,mkt_google_reviews,created_at,timestamp with time zone,NO
public,mkt_landing_pages,id,uuid,NO
public,mkt_landing_pages,org_id,uuid,YES
public,mkt_landing_pages,campaign_id,uuid,YES
public,mkt_landing_pages,title,text,NO
public,mkt_landing_pages,slug,text,NO
public,mkt_landing_pages,html_content,text,YES
public,mkt_landing_pages,is_published,boolean,YES
public,mkt_landing_pages,view_count,integer,YES
public,mkt_landing_pages,conversion_count,integer,YES
public,mkt_landing_pages,created_by,uuid,YES
public,mkt_landing_pages,updated_by,uuid,YES
public,mkt_landing_pages,created_at,timestamp with time zone,NO
public,mkt_landing_pages,updated_at,timestamp with time zone,NO
public,mkt_landing_pages,deleted_at,timestamp with time zone,YES
public,mkt_lead_magnets,id,uuid,NO
public,mkt_lead_magnets,landing_page_id,uuid,NO
public,mkt_lead_magnets,name,text,NO
public,mkt_lead_magnets,asset_url,text,NO
public,mkt_lead_magnets,download_count,integer,YES
public,mkt_lead_magnets,created_by,uuid,YES
public,mkt_lead_magnets,updated_by,uuid,YES
public,mkt_lead_magnets,created_at,timestamp with time zone,NO
public,mkt_lead_magnets,updated_at,timestamp with time zone,NO
public,mkt_lead_magnets,deleted_at,timestamp with time zone,YES
public,mkt_promotions,id,uuid,NO
public,mkt_promotions,campaign_id,uuid,NO
public,mkt_promotions,name,text,NO
public,mkt_promotions,promotion_type,text,NO
public,mkt_promotions,oms_coupon_id,uuid,YES
public,mkt_promotions,crm_referral_program_id,uuid,YES
public,mkt_promotions,start_date,timestamp with time zone,NO
public,mkt_promotions,end_date,timestamp with time zone,YES
public,mkt_promotions,is_active,boolean,YES
public,mkt_promotions,created_by,uuid,YES
public,mkt_promotions,updated_by,uuid,YES
public,mkt_promotions,created_at,timestamp with time zone,NO
public,mkt_promotions,updated_at,timestamp with time zone,NO
public,mkt_promotions,deleted_at,timestamp with time zone,YES
public,mkt_reviews,id,uuid,NO
public,mkt_reviews,org_id,uuid,YES
public,mkt_reviews,customer_id,uuid,YES
public,mkt_reviews,product_id,uuid,YES
public,mkt_reviews,order_id,uuid,YES
public,mkt_reviews,rating,integer,NO
public,mkt_reviews,review_text,text,YES
public,mkt_reviews,status,text,YES
public,mkt_reviews,is_verified_purchase,boolean,YES
public,mkt_reviews,created_by,uuid,YES
public,mkt_reviews,updated_by,uuid,YES
public,mkt_reviews,created_at,timestamp with time zone,NO
public,mkt_reviews,updated_at,timestamp with time zone,NO
public,mkt_reviews,deleted_at,timestamp with time zone,YES
public,mkt_segments,id,uuid,NO
public,mkt_segments,audience_id,uuid,NO
public,mkt_segments,name,text,NO
public,mkt_segments,rule_logic,jsonb,NO
public,mkt_segments,created_by,uuid,YES
public,mkt_segments,updated_by,uuid,YES
public,mkt_segments,created_at,timestamp with time zone,NO
public,mkt_segments,updated_at,timestamp with time zone,NO
public,mkt_segments,deleted_at,timestamp with time zone,YES
public,mkt_seller_addresses,id,uuid,NO
public,mkt_seller_addresses,seller_id,uuid,YES
public,mkt_seller_addresses,type,character varying,NO
public,mkt_seller_addresses,address_line1,text,NO
public,mkt_seller_addresses,address_line2,text,YES
public,mkt_seller_addresses,city,character varying,NO
public,mkt_seller_addresses,state,character varying,NO
public,mkt_seller_addresses,pincode,character varying,NO
public,mkt_seller_addresses,landmark,text,YES
public,mkt_seller_addresses,is_default,boolean,YES
public,mkt_seller_addresses,created_at,timestamp with time zone,YES
public,mkt_seller_bank_accounts,id,uuid,NO
public,mkt_seller_bank_accounts,seller_id,uuid,YES
public,mkt_seller_bank_accounts,account_holder,character varying,NO
public,mkt_seller_bank_accounts,account_number,character varying,NO
public,mkt_seller_bank_accounts,ifsc_code,character varying,NO
public,mkt_seller_bank_accounts,bank_name,character varying,NO
public,mkt_seller_bank_accounts,branch,character varying,YES
public,mkt_seller_bank_accounts,penny_drop_status,character varying,YES
public,mkt_seller_bank_accounts,is_verified,boolean,YES
public,mkt_seller_bank_accounts,created_at,timestamp with time zone,YES
public,mkt_seller_bank_accounts,updated_at,timestamp with time zone,YES
public,mkt_seller_business,id,uuid,NO
public,mkt_seller_business,seller_id,uuid,YES
public,mkt_seller_business,entity_type,character varying,NO
public,mkt_seller_business,gst_number,character varying,NO
public,mkt_seller_business,gst_status,character varying,YES
public,mkt_seller_business,pan_number,character varying,NO
public,mkt_seller_business,pan_status,character varying,YES
public,mkt_seller_business,incorporation_dt,date,YES
public,mkt_seller_business,annual_turnover,character varying,YES
public,mkt_seller_business,created_at,timestamp with time zone,YES
public,mkt_seller_business,updated_at,timestamp with time zone,YES
public,mkt_seller_documents,id,uuid,NO
public,mkt_seller_documents,seller_id,uuid,YES
public,mkt_seller_documents,type,character varying,NO
public,mkt_seller_documents,file_url,text,NO
public,mkt_seller_documents,status,character varying,YES
public,mkt_seller_documents,rejection_reason,text,YES
public,mkt_seller_documents,verified_at,timestamp with time zone,YES
public,mkt_seller_documents,created_at,timestamp with time zone,YES
public,mkt_seller_kyc,id,uuid,NO
public,mkt_seller_kyc,seller_id,uuid,YES
public,mkt_seller_kyc,status,character varying,YES
public,mkt_seller_kyc,submitted_at,timestamp with time zone,YES
public,mkt_seller_kyc,reviewed_by,uuid,YES
public,mkt_seller_kyc,reviewed_at,timestamp with time zone,YES
public,mkt_seller_kyc,rejection_reason,text,YES
public,mkt_seller_kyc,notes,text,YES
public,mkt_seller_kyc,created_at,timestamp with time zone,YES
public,mkt_seller_kyc,updated_at,timestamp with time zone,YES
public,mkt_seller_ledgers,id,uuid,NO
public,mkt_seller_ledgers,seller_id,uuid,YES
public,mkt_seller_ledgers,order_id,uuid,YES
public,mkt_seller_ledgers,settlement_id,uuid,YES
public,mkt_seller_ledgers,transaction_type,character varying,NO
public,mkt_seller_ledgers,amount,numeric,NO
public,mkt_seller_ledgers,description,text,NO
public,mkt_seller_ledgers,balance_after,numeric,NO
public,mkt_seller_ledgers,created_at,timestamp with time zone,YES
public,mkt_seller_profiles,id,uuid,NO
public,mkt_seller_profiles,seller_id,uuid,YES
public,mkt_seller_profiles,logo_url,text,YES
public,mkt_seller_profiles,description,text,YES
public,mkt_seller_profiles,support_email,character varying,YES
public,mkt_seller_profiles,support_phone,character varying,YES
public,mkt_seller_profiles,created_at,timestamp with time zone,YES
public,mkt_seller_profiles,updated_at,timestamp with time zone,YES
public,mkt_seller_wallets,id,uuid,NO
public,mkt_seller_wallets,seller_id,uuid,YES
public,mkt_seller_wallets,available_balance,numeric,YES
public,mkt_seller_wallets,pending_balance,numeric,YES
public,mkt_seller_wallets,hold_balance,numeric,YES
public,mkt_seller_wallets,total_withdrawn,numeric,YES
public,mkt_seller_wallets,updated_at,timestamp with time zone,YES
public,mkt_sellers,id,uuid,NO
public,mkt_sellers,business_name,character varying,NO
public,mkt_sellers,owner_name,character varying,NO
public,mkt_sellers,email,character varying,NO
public,mkt_sellers,phone,character varying,NO
public,mkt_sellers,password_hash,text,NO
public,mkt_sellers,status,character varying,YES
public,mkt_sellers,kyc_status,character varying,YES
public,mkt_sellers,rating,numeric,YES
public,mkt_sellers,created_at,timestamp with time zone,YES
public,mkt_sellers,updated_at,timestamp with time zone,YES
public,mkt_settlement_items,id,uuid,NO
public,mkt_settlement_items,settlement_id,uuid,YES
public,mkt_settlement_items,order_id,uuid,NO
public,mkt_settlement_items,order_item_id,uuid,NO
public,mkt_settlement_items,seller_purchase_price,numeric,NO
public,mkt_settlement_items,deductions,numeric,YES
public,mkt_settlement_items,net_amount,numeric,NO
public,mkt_settlements,id,uuid,NO
public,mkt_settlements,seller_id,uuid,YES
public,mkt_settlements,period_start,timestamp with time zone,NO
public,mkt_settlements,period_end,timestamp with time zone,NO
public,mkt_settlements,gross_amount,numeric,NO
public,mkt_settlements,net_settlement,numeric,NO
public,mkt_settlements,shipping_deduction,numeric,YES
public,mkt_settlements,commission_fee,numeric,YES
public,mkt_settlements,tds_deduction,numeric,YES
public,mkt_settlements,penalty_deduction,numeric,YES
public,mkt_settlements,gst_adjustment,numeric,YES
public,mkt_settlements,status,character varying,YES
public,mkt_settlements,created_at,timestamp with time zone,YES
public,mkt_settlements,released_at,timestamp with time zone,YES
public,mkt_sms_broadcasts,id,uuid,NO
public,mkt_sms_broadcasts,campaign_id,uuid,NO
public,mkt_sms_broadcasts,audience_id,uuid,NO
public,mkt_sms_broadcasts,message_body,text,NO
public,mkt_sms_broadcasts,sender_id,text,YES
public,mkt_sms_broadcasts,status,USER-DEFINED,YES
public,mkt_sms_broadcasts,scheduled_for,timestamp with time zone,YES
public,mkt_sms_broadcasts,created_by,uuid,YES
public,mkt_sms_broadcasts,updated_by,uuid,YES
public,mkt_sms_broadcasts,created_at,timestamp with time zone,NO
public,mkt_sms_broadcasts,updated_at,timestamp with time zone,NO
public,mkt_sms_broadcasts,deleted_at,timestamp with time zone,YES
public,mkt_social_campaigns,id,uuid,NO
public,mkt_social_campaigns,campaign_id,uuid,NO
public,mkt_social_campaigns,platform,text,NO
public,mkt_social_campaigns,external_ad_id,text,YES
public,mkt_social_campaigns,ad_creative_url,text,YES
public,mkt_social_campaigns,ad_copy,text,YES
public,mkt_social_campaigns,daily_budget,numeric,YES
public,mkt_social_campaigns,status,text,YES
public,mkt_social_campaigns,created_by,uuid,YES
public,mkt_social_campaigns,updated_by,uuid,YES
public,mkt_social_campaigns,created_at,timestamp with time zone,NO
public,mkt_social_campaigns,updated_at,timestamp with time zone,NO
public,mkt_social_campaigns,deleted_at,timestamp with time zone,YES
public,monitoring_events,id,uuid,NO
public,monitoring_events,category,text,NO
public,monitoring_events,severity,text,NO
public,monitoring_events,event_name,text,NO
public,monitoring_events,message,text,NO
public,monitoring_events,correlation_id,text,YES
public,monitoring_events,created_at,timestamp with time zone,NO
public,notification_preferences,id,uuid,NO
public,notification_preferences,user_id,uuid,YES
public,notification_preferences,customer_id,uuid,YES
public,notification_preferences,channel,text,NO
public,notification_preferences,topic,text,NO
public,notification_preferences,enabled,boolean,NO
public,notification_preferences,metadata,jsonb,NO
public,notification_preferences,created_by,uuid,YES
public,notification_preferences,updated_by,uuid,YES
public,notification_preferences,deleted_by,uuid,YES
public,notification_preferences,created_at,timestamp with time zone,NO
public,notification_preferences,updated_at,timestamp with time zone,NO
public,notification_preferences,deleted_at,timestamp with time zone,YES
public,notifications,id,uuid,NO
public,notifications,company_id,uuid,YES
public,notifications,user_id,uuid,YES
public,notifications,customer_id,uuid,YES
public,notifications,channel,text,NO
public,notifications,title,text,NO
public,notifications,body,text,YES
public,notifications,status,text,NO
public,notifications,read_at,timestamp with time zone,YES
public,notifications,metadata,jsonb,NO
public,notifications,created_by,uuid,YES
public,notifications,updated_by,uuid,YES
public,notifications,deleted_by,uuid,YES
public,notifications,created_at,timestamp with time zone,NO
public,notifications,updated_at,timestamp with time zone,NO
public,notifications,deleted_at,timestamp with time zone,YES
public,ntf_delivery_logs,id,uuid,NO
public,ntf_delivery_logs,queue_id,uuid,NO
public,ntf_delivery_logs,external_message_id,text,YES
public,ntf_delivery_logs,status,USER-DEFINED,NO
public,ntf_delivery_logs,raw_response,jsonb,YES
public,ntf_delivery_logs,created_at,timestamp with time zone,NO
public,ntf_preferences,id,uuid,NO
public,ntf_preferences,user_id,uuid,YES
public,ntf_preferences,customer_id,uuid,YES
public,ntf_preferences,channel,USER-DEFINED,NO
public,ntf_preferences,is_opted_in,boolean,YES
public,ntf_preferences,created_at,timestamp with time zone,NO
public,ntf_preferences,updated_at,timestamp with time zone,NO
public,ntf_queue,id,uuid,NO
public,ntf_queue,notification_id,uuid,YES
public,ntf_queue,channel,text,NO
public,ntf_queue,payload,jsonb,NO
public,ntf_queue,status,text,NO
public,ntf_queue,attempts,integer,NO
public,ntf_queue,next_attempt_at,timestamp with time zone,YES
public,ntf_queue,created_by,uuid,YES
public,ntf_queue,updated_by,uuid,YES
public,ntf_queue,deleted_by,uuid,YES
public,ntf_queue,created_at,timestamp with time zone,NO
public,ntf_queue,updated_at,timestamp with time zone,NO
public,ntf_queue,deleted_at,timestamp with time zone,YES
public,ntf_queue,scheduled_for,timestamp with time zone,YES
public,ntf_templates,id,uuid,NO
public,ntf_templates,org_id,uuid,YES
public,ntf_templates,template_code,text,NO
public,ntf_templates,channel,USER-DEFINED,NO
public,ntf_templates,subject,text,YES
public,ntf_templates,body,text,NO
public,ntf_templates,variables,jsonb,YES
public,ntf_templates,is_active,boolean,YES
public,ntf_templates,created_by,uuid,YES
public,ntf_templates,updated_by,uuid,YES
public,ntf_templates,created_at,timestamp with time zone,NO
public,ntf_templates,updated_at,timestamp with time zone,NO
public,ntf_templates,deleted_at,timestamp with time zone,YES
public,offer_usage,id,uuid,NO
public,offer_usage,offer_id,uuid,YES
public,offer_usage,coupon_id,uuid,YES
public,offer_usage,customer_id,uuid,YES
public,offer_usage,order_id,uuid,YES
public,offer_usage,discount_amount,numeric,NO
public,offer_usage,metadata,jsonb,NO
public,offer_usage,created_by,uuid,YES
public,offer_usage,updated_by,uuid,YES
public,offer_usage,deleted_by,uuid,YES
public,offer_usage,created_at,timestamp with time zone,NO
public,offer_usage,updated_at,timestamp with time zone,NO
public,offer_usage,deleted_at,timestamp with time zone,YES
public,offers,id,uuid,NO
public,offers,company_id,uuid,YES
public,offers,title,text,NO
public,offers,description,text,YES
public,offers,discount_id,uuid,YES
public,offers,starts_at,timestamp with time zone,YES
public,offers,ends_at,timestamp with time zone,YES
public,offers,status,USER-DEFINED,NO
public,offers,metadata,jsonb,NO
public,offers,created_by,uuid,YES
public,offers,updated_by,uuid,YES
public,offers,deleted_by,uuid,YES
public,offers,created_at,timestamp with time zone,NO
public,offers,updated_at,timestamp with time zone,NO
public,offers,deleted_at,timestamp with time zone,YES
public,oms_coupons,id,uuid,NO
public,oms_coupons,org_id,uuid,YES
public,oms_coupons,code,text,NO
public,oms_coupons,discount_type,text,NO
public,oms_coupons,discount_value,numeric,NO
public,oms_coupons,min_order_value,numeric,YES
public,oms_coupons,max_discount_amount,numeric,YES
public,oms_coupons,usage_limit,integer,YES
public,oms_coupons,times_used,integer,YES
public,oms_coupons,start_date,timestamp with time zone,NO
public,oms_coupons,end_date,timestamp with time zone,YES
public,oms_coupons,is_active,boolean,YES
public,oms_coupons,created_by,uuid,YES
public,oms_coupons,updated_by,uuid,YES
public,oms_coupons,created_at,timestamp with time zone,NO
public,oms_coupons,updated_at,timestamp with time zone,NO
public,oms_coupons,deleted_at,timestamp with time zone,YES
public,oms_deliveries,id,uuid,NO
public,oms_deliveries,shipment_id,uuid,NO
public,oms_deliveries,delivery_agent_id,uuid,YES
public,oms_deliveries,vehicle_registration,text,YES
public,oms_deliveries,start_time,timestamp with time zone,YES
public,oms_deliveries,end_time,timestamp with time zone,YES
public,oms_deliveries,proof_of_delivery_url,text,YES
public,oms_deliveries,recipient_signature_url,text,YES
public,oms_deliveries,created_by,uuid,YES
public,oms_deliveries,updated_by,uuid,YES
public,oms_deliveries,created_at,timestamp with time zone,NO
public,oms_deliveries,updated_at,timestamp with time zone,NO
public,oms_deliveries,deleted_at,timestamp with time zone,YES
public,oms_discount_rules,id,uuid,NO
public,oms_discount_rules,org_id,uuid,YES
public,oms_discount_rules,name,text,NO
public,oms_discount_rules,rule_type,text,NO
public,oms_discount_rules,conditions,jsonb,NO
public,oms_discount_rules,discount_value,numeric,NO
public,oms_discount_rules,start_date,timestamp with time zone,NO
public,oms_discount_rules,end_date,timestamp with time zone,YES
public,oms_discount_rules,is_active,boolean,YES
public,oms_discount_rules,created_by,uuid,YES
public,oms_discount_rules,updated_by,uuid,YES
public,oms_discount_rules,created_at,timestamp with time zone,NO
public,oms_discount_rules,updated_at,timestamp with time zone,NO
public,oms_discount_rules,deleted_at,timestamp with time zone,YES
public,oms_gift_cards,id,uuid,NO
public,oms_gift_cards,org_id,uuid,YES
public,oms_gift_cards,customer_id,uuid,YES
public,oms_gift_cards,code,text,NO
public,oms_gift_cards,initial_balance,numeric,NO
public,oms_gift_cards,current_balance,numeric,NO
public,oms_gift_cards,currency,text,YES
public,oms_gift_cards,issue_date,timestamp with time zone,NO
public,oms_gift_cards,expiry_date,timestamp with time zone,YES
public,oms_gift_cards,is_active,boolean,YES
public,oms_gift_cards,created_by,uuid,YES
public,oms_gift_cards,updated_by,uuid,YES
public,oms_gift_cards,created_at,timestamp with time zone,NO
public,oms_gift_cards,updated_at,timestamp with time zone,NO
public,oms_gift_cards,deleted_at,timestamp with time zone,YES
public,oms_invoices,id,uuid,NO
public,oms_invoices,org_id,uuid,YES
public,oms_invoices,order_id,uuid,NO
public,oms_invoices,invoice_number,text,NO
public,oms_invoices,issue_date,timestamp with time zone,NO
public,oms_invoices,due_date,timestamp with time zone,YES
public,oms_invoices,status,text,YES
public,oms_invoices,amount_due,numeric,NO
public,oms_invoices,amount_paid,numeric,NO
public,oms_invoices,created_by,uuid,YES
public,oms_invoices,updated_by,uuid,YES
public,oms_invoices,created_at,timestamp with time zone,NO
public,oms_invoices,updated_at,timestamp with time zone,NO
public,oms_invoices,deleted_at,timestamp with time zone,YES
public,oms_order_items,id,uuid,NO
public,oms_order_items,order_id,uuid,NO
public,oms_order_items,variant_id,uuid,NO
public,oms_order_items,warehouse_id,uuid,YES
public,oms_order_items,quantity,integer,NO
public,oms_order_items,unit_price,numeric,NO
public,oms_order_items,tax_rate,numeric,YES
public,oms_order_items,discount_amount,numeric,YES
public,oms_order_items,line_total,numeric,YES
public,oms_order_items,created_by,uuid,YES
public,oms_order_items,updated_by,uuid,YES
public,oms_order_items,created_at,timestamp with time zone,NO
public,oms_order_items,updated_at,timestamp with time zone,NO
public,oms_order_items,deleted_at,timestamp with time zone,YES
public,oms_orders,id,uuid,NO
public,oms_orders,org_id,uuid,YES
public,oms_orders,order_number,text,NO
public,oms_orders,customer_id,uuid,NO
public,oms_orders,billing_address_id,uuid,YES
public,oms_orders,shipping_address_id,uuid,YES
public,oms_orders,quotation_id,uuid,YES
public,oms_orders,coupon_id,uuid,YES
public,oms_orders,order_status,USER-DEFINED,YES
public,oms_orders,payment_status,USER-DEFINED,YES
public,oms_orders,currency,text,YES
public,oms_orders,subtotal,numeric,NO
public,oms_orders,total_tax,numeric,NO
public,oms_orders,total_discount,numeric,NO
public,oms_orders,shipping_fee,numeric,NO
public,oms_orders,grand_total,numeric,NO
public,oms_orders,customer_notes,text,YES
public,oms_orders,internal_notes,text,YES
public,oms_orders,created_by,uuid,YES
public,oms_orders,updated_by,uuid,YES
public,oms_orders,created_at,timestamp with time zone,NO
public,oms_orders,updated_at,timestamp with time zone,NO
public,oms_orders,deleted_at,timestamp with time zone,YES
public,oms_orders,search_vector,tsvector,YES
public,oms_payment_history,id,uuid,NO
public,oms_payment_history,payment_id,uuid,NO
public,oms_payment_history,event_status,text,NO
public,oms_payment_history,gateway_response,jsonb,YES
public,oms_payment_history,created_at,timestamp with time zone,NO
public,oms_payments,id,uuid,NO
public,oms_payments,invoice_id,uuid,NO
public,oms_payments,payment_method,text,NO
public,oms_payments,gateway_reference,text,YES
public,oms_payments,amount,numeric,NO
public,oms_payments,currency,text,YES
public,oms_payments,status,USER-DEFINED,YES
public,oms_payments,created_by,uuid,YES
public,oms_payments,updated_by,uuid,YES
public,oms_payments,created_at,timestamp with time zone,NO
public,oms_payments,updated_at,timestamp with time zone,NO
public,oms_payments,deleted_at,timestamp with time zone,YES
public,oms_quotation_items,id,uuid,NO
public,oms_quotation_items,quotation_id,uuid,NO
public,oms_quotation_items,variant_id,uuid,NO
public,oms_quotation_items,quantity,integer,NO
public,oms_quotation_items,unit_price,numeric,NO
public,oms_quotation_items,tax_rate,numeric,YES
public,oms_quotation_items,discount_amount,numeric,YES
public,oms_quotation_items,line_total,numeric,YES
public,oms_quotation_items,created_by,uuid,YES
public,oms_quotation_items,updated_by,uuid,YES
public,oms_quotation_items,created_at,timestamp with time zone,NO
public,oms_quotation_items,updated_at,timestamp with time zone,NO
public,oms_quotation_items,deleted_at,timestamp with time zone,YES
public,oms_quotations,id,uuid,NO
public,oms_quotations,org_id,uuid,YES
public,oms_quotations,quote_number,text,NO
public,oms_quotations,customer_id,uuid,YES
public,oms_quotations,lead_id,uuid,YES
public,oms_quotations,status,text,YES
public,oms_quotations,valid_until,date,NO
public,oms_quotations,subtotal,numeric,NO
public,oms_quotations,total_tax,numeric,NO
public,oms_quotations,total_discount,numeric,NO
public,oms_quotations,grand_total,numeric,NO
public,oms_quotations,terms_conditions,text,YES
public,oms_quotations,created_by,uuid,YES
public,oms_quotations,updated_by,uuid,YES
public,oms_quotations,created_at,timestamp with time zone,NO
public,oms_quotations,updated_at,timestamp with time zone,NO
public,oms_quotations,deleted_at,timestamp with time zone,YES
public,oms_refunds,id,uuid,NO
public,oms_refunds,return_id,uuid,YES
public,oms_refunds,payment_id,uuid,NO
public,oms_refunds,amount,numeric,NO
public,oms_refunds,refund_method,text,NO
public,oms_refunds,status,text,YES
public,oms_refunds,gateway_reference,text,YES
public,oms_refunds,created_by,uuid,YES
public,oms_refunds,updated_by,uuid,YES
public,oms_refunds,created_at,timestamp with time zone,NO
public,oms_refunds,updated_at,timestamp with time zone,NO
public,oms_refunds,deleted_at,timestamp with time zone,YES
public,oms_returns,id,uuid,NO
public,oms_returns,order_item_id,uuid,NO
public,oms_returns,quantity,integer,NO
public,oms_returns,reason,text,NO
public,oms_returns,condition,text,NO
public,oms_returns,status,text,YES
public,oms_returns,created_by,uuid,YES
public,oms_returns,updated_by,uuid,YES
public,oms_returns,created_at,timestamp with time zone,NO
public,oms_returns,updated_at,timestamp with time zone,NO
public,oms_returns,deleted_at,timestamp with time zone,YES
public,oms_shipments,id,uuid,NO
public,oms_shipments,order_id,uuid,NO
public,oms_shipments,tracking_number,text,YES
public,oms_shipments,carrier,text,YES
public,oms_shipments,status,USER-DEFINED,YES
public,oms_shipments,weight_kg,numeric,YES
public,oms_shipments,dimensions_cm,jsonb,YES
public,oms_shipments,estimated_delivery_date,date,YES
public,oms_shipments,shipping_label_url,text,YES
public,oms_shipments,created_by,uuid,YES
public,oms_shipments,updated_by,uuid,YES
public,oms_shipments,created_at,timestamp with time zone,NO
public,oms_shipments,updated_at,timestamp with time zone,NO
public,oms_shipments,deleted_at,timestamp with time zone,YES
public,oms_taxes,id,uuid,NO
public,oms_taxes,order_id,uuid,NO
public,oms_taxes,tax_name,text,NO
public,oms_taxes,tax_amount,numeric,NO
public,oms_taxes,created_by,uuid,YES
public,oms_taxes,created_at,timestamp with time zone,NO
public,oms_tracking_history,id,uuid,NO
public,oms_tracking_history,shipment_id,uuid,NO
public,oms_tracking_history,status,USER-DEFINED,NO
public,oms_tracking_history,location,text,YES
public,oms_tracking_history,description,text,YES
public,oms_tracking_history,created_at,timestamp with time zone,NO
public,order_items,id,uuid,NO
public,order_items,order_id,uuid,NO
public,order_items,product_id,uuid,YES
public,order_items,variant_id,uuid,YES
public,order_items,product_name,text,YES
public,order_items,sku,text,YES
public,order_items,quantity,integer,NO
public,order_items,price,numeric,NO
public,order_items,unit_price,numeric,NO
public,order_items,total_price,numeric,NO
public,order_items,discount_amount,numeric,NO
public,order_items,gst_rate,numeric,NO
public,order_items,hsn_code,text,YES
public,order_items,sac_code,text,YES
public,order_items,taxable_base,numeric,NO
public,order_items,gst_amount,numeric,NO
public,order_items,cgst,numeric,NO
public,order_items,sgst,numeric,NO
public,order_items,igst,numeric,NO
public,order_items,metadata,jsonb,NO
public,order_items,created_by,uuid,YES
public,order_items,updated_by,uuid,YES
public,order_items,deleted_by,uuid,YES
public,order_items,created_at,timestamp with time zone,NO
public,order_items,updated_at,timestamp with time zone,NO
public,order_items,deleted_at,timestamp with time zone,YES
public,order_otp_verifications,id,uuid,NO
public,order_otp_verifications,order_id,uuid,YES
public,order_otp_verifications,agent_id,uuid,YES
public,order_otp_verifications,customer_phone,text,NO
public,order_otp_verifications,otp_hash,text,NO
public,order_otp_verifications,otp_type,text,NO
public,order_otp_verifications,attempts,integer,NO
public,order_otp_verifications,verified_at,timestamp with time zone,YES
public,order_otp_verifications,expires_at,timestamp with time zone,NO
public,order_otp_verifications,metadata,jsonb,NO
public,order_otp_verifications,created_by,uuid,YES
public,order_otp_verifications,updated_by,uuid,YES
public,order_otp_verifications,deleted_by,uuid,YES
public,order_otp_verifications,created_at,timestamp with time zone,NO
public,order_otp_verifications,updated_at,timestamp with time zone,NO
public,order_otp_verifications,deleted_at,timestamp with time zone,YES
public,orders,id,uuid,NO
public,orders,company_id,uuid,YES
public,orders,branch_id,uuid,YES
public,orders,customer_id,uuid,YES
public,orders,customer_record_id,uuid,YES
public,orders,order_number,text,YES
public,orders,quote_id,uuid,YES
public,orders,customer_name,text,YES
public,orders,customer_email,USER-DEFINED,YES
public,orders,customer_phone,text,NO
public,orders,delivery_address,text,YES
public,orders,delivery_pincode,text,YES
public,orders,pickup_store,text,YES
public,orders,type,text,NO
public,orders,order_type,text,YES
public,orders,category,text,YES
public,orders,status,text,NO
public,orders,payment_status,text,YES
public,orders,payment_method,text,YES
public,orders,subtotal,numeric,NO
public,orders,gst_amount,numeric,NO
public,orders,cgst_amount,numeric,NO
public,orders,sgst_amount,numeric,NO
public,orders,igst_amount,numeric,NO
public,orders,discount_amount,numeric,NO
public,orders,shipping_amount,numeric,NO
public,orders,total,numeric,NO
public,orders,total_amount,numeric,YES
public,orders,items,jsonb,NO
public,orders,notes,text,YES
public,orders,cancellation_reason,text,YES
public,orders,delivered_at,timestamp with time zone,YES
public,orders,agent_id,uuid,YES
public,orders,assigned_sales_manager_id,uuid,YES
public,orders,assigned_service_manager_id,uuid,YES
public,orders,area_id,uuid,YES
public,orders,metadata,jsonb,NO
public,orders,search_vector,tsvector,YES
public,orders,created_by,uuid,YES
public,orders,updated_by,uuid,YES
public,orders,deleted_by,uuid,YES
public,orders,created_at,timestamp with time zone,NO
public,orders,updated_at,timestamp with time zone,NO
public,orders,deleted_at,timestamp with time zone,YES
public,org_branches,id,uuid,NO
public,org_branches,org_id,uuid,NO
public,org_branches,name,text,NO
public,org_branches,code,text,YES
public,org_branches,address,jsonb,YES
public,org_branches,timezone,text,YES
public,org_branches,is_headquarters,boolean,YES
public,org_branches,created_by,uuid,YES
public,org_branches,updated_by,uuid,YES
public,org_branches,created_at,timestamp with time zone,NO
public,org_branches,updated_at,timestamp with time zone,NO
public,org_branches,deleted_at,timestamp with time zone,YES
public,org_departments,id,uuid,NO
public,org_departments,org_id,uuid,NO
public,org_departments,branch_id,uuid,YES
public,org_departments,name,text,NO
public,org_departments,description,text,YES
public,org_departments,parent_id,uuid,YES
public,org_departments,created_by,uuid,YES
public,org_departments,updated_by,uuid,YES
public,org_departments,created_at,timestamp with time zone,NO
public,org_departments,updated_at,timestamp with time zone,NO
public,org_departments,deleted_at,timestamp with time zone,YES
public,org_designations,id,uuid,NO
public,org_designations,org_id,uuid,NO
public,org_designations,department_id,uuid,YES
public,org_designations,title,text,NO
public,org_designations,level,integer,YES
public,org_designations,job_description,text,YES
public,org_designations,created_by,uuid,YES
public,org_designations,updated_by,uuid,YES
public,org_designations,created_at,timestamp with time zone,NO
public,org_designations,updated_at,timestamp with time zone,NO
public,org_designations,deleted_at,timestamp with time zone,YES
public,org_organizations,id,uuid,NO
public,org_organizations,name,text,NO
public,org_organizations,registration_number,text,YES
public,org_organizations,tax_id,text,YES
public,org_organizations,industry,text,YES
public,org_organizations,status,USER-DEFINED,YES
public,org_organizations,settings,jsonb,YES
public,org_organizations,created_by,uuid,YES
public,org_organizations,updated_by,uuid,YES
public,org_organizations,created_at,timestamp with time zone,NO
public,org_organizations,updated_at,timestamp with time zone,NO
public,org_organizations,deleted_at,timestamp with time zone,YES
public,otp_verifications,id,uuid,NO
public,otp_verifications,user_id,uuid,YES
public,otp_verifications,phone,text,YES
public,otp_verifications,email,USER-DEFINED,YES
public,otp_verifications,otp_hash,text,NO
public,otp_verifications,purpose,text,NO
public,otp_verifications,attempts,integer,NO
public,otp_verifications,max_attempts,integer,NO
public,otp_verifications,verified_at,timestamp with time zone,YES
public,otp_verifications,expires_at,timestamp with time zone,NO
public,otp_verifications,status,USER-DEFINED,NO
public,otp_verifications,metadata,jsonb,NO
public,otp_verifications,created_by,uuid,YES
public,otp_verifications,updated_by,uuid,YES
public,otp_verifications,deleted_by,uuid,YES
public,otp_verifications,created_at,timestamp with time zone,NO
public,otp_verifications,updated_at,timestamp with time zone,NO
public,otp_verifications,deleted_at,timestamp with time zone,YES
public,page_content,key,text,NO
public,page_content,company_id,uuid,YES
public,page_content,page_key,text,YES
public,page_content,title,text,YES
public,page_content,content,jsonb,YES
public,page_content,data,jsonb,YES
public,page_content,meta_description,text,YES
public,page_content,meta_keywords,text,YES
public,page_content,status,text,NO
public,page_content,is_active,boolean,NO
public,page_content,metadata,jsonb,NO
public,page_content,created_by,uuid,YES
public,page_content,updated_by,uuid,YES
public,page_content,deleted_by,uuid,YES
public,page_content,created_at,timestamp with time zone,NO
public,page_content,updated_at,timestamp with time zone,NO
public,page_content,deleted_at,timestamp with time zone,YES
public,payment_recovery_queue,id,uuid,NO
public,payment_recovery_queue,order_id,uuid,YES
public,payment_recovery_queue,customer_id,uuid,YES
public,payment_recovery_queue,reason,text,YES
public,payment_recovery_queue,status,text,NO
public,payment_recovery_queue,next_attempt_at,timestamp with time zone,YES
public,payment_recovery_queue,attempts,integer,NO
public,payment_recovery_queue,metadata,jsonb,NO
public,payment_recovery_queue,created_by,uuid,YES
public,payment_recovery_queue,updated_by,uuid,YES
public,payment_recovery_queue,deleted_by,uuid,YES
public,payment_recovery_queue,created_at,timestamp with time zone,NO
public,payment_recovery_queue,updated_at,timestamp with time zone,NO
public,payment_recovery_queue,deleted_at,timestamp with time zone,YES
public,payment_transactions,id,uuid,NO
public,payment_transactions,payment_id,uuid,YES
public,payment_transactions,order_id,uuid,YES
public,payment_transactions,provider,text,YES
public,payment_transactions,provider_transaction_id,text,YES
public,payment_transactions,transaction_type,text,NO
public,payment_transactions,status,text,NO
public,payment_transactions,amount,numeric,NO
public,payment_transactions,raw_payload,jsonb,NO
public,payment_transactions,metadata,jsonb,NO
public,payment_transactions,created_by,uuid,YES
public,payment_transactions,updated_by,uuid,YES
public,payment_transactions,deleted_by,uuid,YES
public,payment_transactions,created_at,timestamp with time zone,NO
public,payment_transactions,updated_at,timestamp with time zone,NO
public,payment_transactions,deleted_at,timestamp with time zone,YES
public,payments,id,uuid,NO
public,payments,company_id,uuid,YES
public,payments,order_id,uuid,YES
public,payments,customer_id,uuid,YES
public,payments,payment_number,text,YES
public,payments,provider,text,YES
public,payments,method,text,YES
public,payments,status,text,NO
public,payments,amount,numeric,NO
public,payments,currency_code,character,NO
public,payments,provider_reference,text,YES
public,payments,paid_at,timestamp with time zone,YES
public,payments,metadata,jsonb,NO
public,payments,created_by,uuid,YES
public,payments,updated_by,uuid,YES
public,payments,deleted_by,uuid,YES
public,payments,created_at,timestamp with time zone,NO
public,payments,updated_at,timestamp with time zone,NO
public,payments,deleted_at,timestamp with time zone,YES
public,performance_metrics,id,uuid,NO
public,performance_metrics,release_id,uuid,YES
public,performance_metrics,metric_name,text,NO
public,performance_metrics,module_name,text,NO
public,performance_metrics,value,numeric,NO
public,performance_metrics,target_value,numeric,YES
public,performance_metrics,recorded_at,timestamp with time zone,NO
public,permissions,id,uuid,NO
public,permissions,module,text,NO
public,permissions,action,text,NO
public,permissions,resource,text,YES
public,permissions,description,text,YES
public,permissions,status,USER-DEFINED,NO
public,permissions,metadata,jsonb,NO
public,permissions,created_by,uuid,YES
public,permissions,updated_by,uuid,YES
public,permissions,deleted_by,uuid,YES
public,permissions,created_at,timestamp with time zone,NO
public,permissions,updated_at,timestamp with time zone,NO
public,permissions,deleted_at,timestamp with time zone,YES
public,pm_projects,id,uuid,NO
public,pm_projects,org_id,uuid,YES
public,pm_projects,customer_id,uuid,YES
public,pm_projects,name,text,NO
public,pm_projects,description,text,YES
public,pm_projects,status,USER-DEFINED,YES
public,pm_projects,start_date,date,YES
public,pm_projects,target_end_date,date,YES
public,pm_projects,actual_end_date,date,YES
public,pm_projects,budget_amount,numeric,YES
public,pm_projects,owner_id,uuid,YES
public,pm_projects,created_by,uuid,YES
public,pm_projects,updated_by,uuid,YES
public,pm_projects,created_at,timestamp with time zone,NO
public,pm_projects,updated_at,timestamp with time zone,NO
public,pm_projects,deleted_at,timestamp with time zone,YES
public,pm_tasks,id,uuid,NO
public,pm_tasks,project_id,uuid,NO
public,pm_tasks,parent_task_id,uuid,YES
public,pm_tasks,title,text,NO
public,pm_tasks,description,text,YES
public,pm_tasks,status,USER-DEFINED,YES
public,pm_tasks,priority,USER-DEFINED,YES
public,pm_tasks,assignee_id,uuid,YES
public,pm_tasks,due_date,timestamp with time zone,YES
public,pm_tasks,estimated_hours,numeric,YES
public,pm_tasks,created_by,uuid,YES
public,pm_tasks,updated_by,uuid,YES
public,pm_tasks,created_at,timestamp with time zone,NO
public,pm_tasks,updated_at,timestamp with time zone,NO
public,pm_tasks,deleted_at,timestamp with time zone,YES
public,pm_timesheets,id,uuid,NO
public,pm_timesheets,task_id,uuid,NO
public,pm_timesheets,employee_id,uuid,NO
public,pm_timesheets,work_date,date,NO
public,pm_timesheets,hours_worked,numeric,NO
public,pm_timesheets,description,text,YES
public,pm_timesheets,is_billable,boolean,YES
public,pm_timesheets,is_invoiced,boolean,YES
public,pm_timesheets,invoice_id,uuid,YES
public,pm_timesheets,created_by,uuid,YES
public,pm_timesheets,updated_by,uuid,YES
public,pm_timesheets,created_at,timestamp with time zone,NO
public,pm_timesheets,updated_at,timestamp with time zone,NO
public,prd_attributes,id,uuid,NO
public,prd_attributes,product_id,uuid,NO
public,prd_attributes,attr_key,text,NO
public,prd_attributes,attr_values,ARRAY,NO
public,prd_attributes,created_by,uuid,YES
public,prd_attributes,updated_by,uuid,YES
public,prd_attributes,created_at,timestamp with time zone,NO
public,prd_attributes,updated_at,timestamp with time zone,NO
public,prd_attributes,deleted_at,timestamp with time zone,YES
public,prd_brands,id,uuid,NO
public,prd_brands,org_id,uuid,YES
public,prd_brands,name,text,NO
public,prd_brands,logo_url,text,YES
public,prd_brands,website,text,YES
public,prd_brands,created_by,uuid,YES
public,prd_brands,updated_by,uuid,YES
public,prd_brands,created_at,timestamp with time zone,NO
public,prd_brands,updated_at,timestamp with time zone,NO
public,prd_brands,deleted_at,timestamp with time zone,YES
public,prd_bundle_items,id,uuid,NO
public,prd_bundle_items,bundle_id,uuid,NO
public,prd_bundle_items,variant_id,uuid,NO
public,prd_bundle_items,quantity,integer,NO
public,prd_bundle_items,created_by,uuid,YES
public,prd_bundle_items,updated_by,uuid,YES
public,prd_bundle_items,created_at,timestamp with time zone,NO
public,prd_bundle_items,updated_at,timestamp with time zone,NO
public,prd_bundle_items,deleted_at,timestamp with time zone,YES
public,prd_bundles,id,uuid,NO
public,prd_bundles,org_id,uuid,YES
public,prd_bundles,title,text,NO
public,prd_bundles,slug,text,NO
public,prd_bundles,description,text,YES
public,prd_bundles,status,USER-DEFINED,YES
public,prd_bundles,created_by,uuid,YES
public,prd_bundles,updated_by,uuid,YES
public,prd_bundles,created_at,timestamp with time zone,NO
public,prd_bundles,updated_at,timestamp with time zone,NO
public,prd_bundles,deleted_at,timestamp with time zone,YES
public,prd_categories,id,uuid,NO
public,prd_categories,org_id,uuid,YES
public,prd_categories,name,text,NO
public,prd_categories,slug,text,NO
public,prd_categories,description,text,YES
public,prd_categories,image_url,text,YES
public,prd_categories,created_by,uuid,YES
public,prd_categories,updated_by,uuid,YES
public,prd_categories,created_at,timestamp with time zone,NO
public,prd_categories,updated_at,timestamp with time zone,NO
public,prd_categories,deleted_at,timestamp with time zone,YES
public,prd_manufacturers,id,uuid,NO
public,prd_manufacturers,org_id,uuid,YES
public,prd_manufacturers,name,text,NO
public,prd_manufacturers,contact_email,text,YES
public,prd_manufacturers,contact_phone,text,YES
public,prd_manufacturers,address,jsonb,YES
public,prd_manufacturers,created_by,uuid,YES
public,prd_manufacturers,updated_by,uuid,YES
public,prd_manufacturers,created_at,timestamp with time zone,NO
public,prd_manufacturers,updated_at,timestamp with time zone,NO
public,prd_manufacturers,deleted_at,timestamp with time zone,YES
public,prd_media,id,uuid,NO
public,prd_media,product_id,uuid,YES
public,prd_media,variant_id,uuid,YES
public,prd_media,media_type,USER-DEFINED,NO
public,prd_media,url,text,NO
public,prd_media,alt_text,text,YES
public,prd_media,display_order,integer,YES
public,prd_media,created_by,uuid,YES
public,prd_media,updated_by,uuid,YES
public,prd_media,created_at,timestamp with time zone,NO
public,prd_media,updated_at,timestamp with time zone,NO
public,prd_media,deleted_at,timestamp with time zone,YES
public,prd_price_history,id,uuid,NO
public,prd_price_history,variant_id,uuid,NO
public,prd_price_history,old_base_price,numeric,YES
public,prd_price_history,new_base_price,numeric,NO
public,prd_price_history,changed_by,uuid,YES
public,prd_price_history,changed_at,timestamp with time zone,NO
public,prd_price_history,reason,text,YES
public,prd_pricing,id,uuid,NO
public,prd_pricing,variant_id,uuid,NO
public,prd_pricing,base_price,numeric,NO
public,prd_pricing,compare_at_price,numeric,YES
public,prd_pricing,cost_price,numeric,YES
public,prd_pricing,currency,text,YES
public,prd_pricing,created_by,uuid,YES
public,prd_pricing,updated_by,uuid,YES
public,prd_pricing,created_at,timestamp with time zone,NO
public,prd_pricing,updated_at,timestamp with time zone,NO
public,prd_pricing,deleted_at,timestamp with time zone,YES
public,prd_products,id,uuid,NO
public,prd_products,org_id,uuid,YES
public,prd_products,title,text,NO
public,prd_products,slug,text,NO
public,prd_products,description,text,YES
public,prd_products,brand_id,uuid,YES
public,prd_products,manufacturer_id,uuid,YES
public,prd_products,category_id,uuid,YES
public,prd_products,subcategory_id,uuid,YES
public,prd_products,tax_class_id,uuid,YES
public,prd_products,status,USER-DEFINED,YES
public,prd_products,search_vector,tsvector,YES
public,prd_products,created_by,uuid,YES
public,prd_products,updated_by,uuid,YES
public,prd_products,created_at,timestamp with time zone,NO
public,prd_products,updated_at,timestamp with time zone,NO
public,prd_products,deleted_at,timestamp with time zone,YES
public,prd_relationships,id,uuid,NO
public,prd_relationships,primary_product_id,uuid,NO
public,prd_relationships,related_product_id,uuid,NO
public,prd_relationships,relation_type,USER-DEFINED,NO
public,prd_relationships,created_by,uuid,YES
public,prd_relationships,updated_by,uuid,YES
public,prd_relationships,created_at,timestamp with time zone,NO
public,prd_relationships,updated_at,timestamp with time zone,NO
public,prd_relationships,deleted_at,timestamp with time zone,YES
public,prd_reviews,id,uuid,NO
public,prd_reviews,product_id,uuid,NO
public,prd_reviews,user_id,uuid,YES
public,prd_reviews,rating,integer,NO
public,prd_reviews,title,text,YES
public,prd_reviews,comment,text,YES
public,prd_reviews,is_verified_purchase,boolean,YES
public,prd_reviews,status,text,YES
public,prd_reviews,created_by,uuid,YES
public,prd_reviews,updated_by,uuid,YES
public,prd_reviews,created_at,timestamp with time zone,NO
public,prd_reviews,updated_at,timestamp with time zone,NO
public,prd_reviews,deleted_at,timestamp with time zone,YES
public,prd_seo,id,uuid,NO
public,prd_seo,product_id,uuid,NO
public,prd_seo,meta_title,text,YES
public,prd_seo,meta_description,text,YES
public,prd_seo,meta_keywords,ARRAY,YES
public,prd_seo,canonical_url,text,YES
public,prd_seo,og_image_url,text,YES
public,prd_seo,created_by,uuid,YES
public,prd_seo,updated_by,uuid,YES
public,prd_seo,created_at,timestamp with time zone,NO
public,prd_seo,updated_at,timestamp with time zone,NO
public,prd_seo,deleted_at,timestamp with time zone,YES
public,prd_specifications,id,uuid,NO
public,prd_specifications,product_id,uuid,NO
public,prd_specifications,spec_key,text,NO
public,prd_specifications,spec_value,text,NO
public,prd_specifications,display_order,integer,YES
public,prd_specifications,created_by,uuid,YES
public,prd_specifications,updated_by,uuid,YES
public,prd_specifications,created_at,timestamp with time zone,NO
public,prd_specifications,updated_at,timestamp with time zone,NO
public,prd_specifications,deleted_at,timestamp with time zone,YES
public,prd_subcategories,id,uuid,NO
public,prd_subcategories,category_id,uuid,NO
public,prd_subcategories,name,text,NO
public,prd_subcategories,slug,text,NO
public,prd_subcategories,description,text,YES
public,prd_subcategories,created_by,uuid,YES
public,prd_subcategories,updated_by,uuid,YES
public,prd_subcategories,created_at,timestamp with time zone,NO
public,prd_subcategories,updated_at,timestamp with time zone,NO
public,prd_subcategories,deleted_at,timestamp with time zone,YES
public,prd_tax_classes,id,uuid,NO
public,prd_tax_classes,org_id,uuid,YES
public,prd_tax_classes,name,text,NO
public,prd_tax_classes,description,text,YES
public,prd_tax_classes,gst_rate,numeric,YES
public,prd_tax_classes,hsn_sac_code,text,YES
public,prd_tax_classes,created_by,uuid,YES
public,prd_tax_classes,updated_by,uuid,YES
public,prd_tax_classes,created_at,timestamp with time zone,NO
public,prd_tax_classes,updated_at,timestamp with time zone,NO
public,prd_tax_classes,deleted_at,timestamp with time zone,YES
public,prd_variants,id,uuid,NO
public,prd_variants,product_id,uuid,NO
public,prd_variants,sku,text,NO
public,prd_variants,name,text,NO
public,prd_variants,barcode,text,YES
public,prd_variants,attributes,jsonb,NO
public,prd_variants,weight_kg,numeric,YES
public,prd_variants,dimensions_cm,jsonb,YES
public,prd_variants,created_by,uuid,YES
public,prd_variants,updated_by,uuid,YES
public,prd_variants,created_at,timestamp with time zone,NO
public,prd_variants,updated_at,timestamp with time zone,NO
public,prd_variants,deleted_at,timestamp with time zone,YES
public,product_images,id,uuid,NO
public,product_images,product_id,uuid,NO
public,product_images,variant_id,uuid,YES
public,product_images,url,text,NO
public,product_images,alt_text,text,YES
public,product_images,sort_order,integer,NO
public,product_images,is_primary,boolean,NO
public,product_images,metadata,jsonb,NO
public,product_images,created_by,uuid,YES
public,product_images,updated_by,uuid,YES
public,product_images,deleted_by,uuid,YES
public,product_images,created_at,timestamp with time zone,NO
public,product_images,updated_at,timestamp with time zone,NO
public,product_images,deleted_at,timestamp with time zone,YES
public,product_inventory,id,uuid,NO
public,product_inventory,product_id,uuid,NO
public,product_inventory,variant_id,uuid,YES
public,product_inventory,warehouse_id,uuid,NO
public,product_inventory,quantity_on_hand,integer,NO
public,product_inventory,quantity_reserved,integer,NO
public,product_inventory,reorder_level,integer,NO
public,product_inventory,metadata,jsonb,NO
public,product_inventory,created_by,uuid,YES
public,product_inventory,updated_by,uuid,YES
public,product_inventory,deleted_by,uuid,YES
public,product_inventory,created_at,timestamp with time zone,NO
public,product_inventory,updated_at,timestamp with time zone,NO
public,product_inventory,deleted_at,timestamp with time zone,YES
public,product_options,id,uuid,NO
public,product_options,product_id,uuid,NO
public,product_options,name,text,NO
public,product_options,values,ARRAY,NO
public,product_options,sort_order,integer,NO
public,product_options,metadata,jsonb,NO
public,product_options,created_by,uuid,YES
public,product_options,updated_by,uuid,YES
public,product_options,deleted_by,uuid,YES
public,product_options,created_at,timestamp with time zone,NO
public,product_options,updated_at,timestamp with time zone,NO
public,product_options,deleted_at,timestamp with time zone,YES
public,product_pricing,id,uuid,NO
public,product_pricing,product_id,uuid,NO
public,product_pricing,variant_id,uuid,YES
public,product_pricing,price_list,text,NO
public,product_pricing,mrp,numeric,YES
public,product_pricing,price,numeric,NO
public,product_pricing,offer_price,numeric,YES
public,product_pricing,starts_at,timestamp with time zone,YES
public,product_pricing,ends_at,timestamp with time zone,YES
public,product_pricing,status,USER-DEFINED,NO
public,product_pricing,metadata,jsonb,NO
public,product_pricing,created_by,uuid,YES
public,product_pricing,updated_by,uuid,YES
public,product_pricing,deleted_by,uuid,YES
public,product_pricing,created_at,timestamp with time zone,NO
public,product_pricing,updated_at,timestamp with time zone,NO
public,product_pricing,deleted_at,timestamp with time zone,YES
public,product_reviews,id,uuid,NO
public,product_reviews,product_id,uuid,NO
public,product_reviews,customer_id,uuid,YES
public,product_reviews,rating,integer,NO
public,product_reviews,title,text,YES
public,product_reviews,body,text,YES
public,product_reviews,is_verified,boolean,NO
public,product_reviews,status,USER-DEFINED,NO
public,product_reviews,metadata,jsonb,NO
public,product_reviews,created_by,uuid,YES
public,product_reviews,updated_by,uuid,YES
public,product_reviews,deleted_by,uuid,YES
public,product_reviews,created_at,timestamp with time zone,NO
public,product_reviews,updated_at,timestamp with time zone,NO
public,product_reviews,deleted_at,timestamp with time zone,YES
public,product_variants,id,uuid,NO
public,product_variants,product_id,uuid,NO
public,product_variants,sku,text,YES
public,product_variants,name,text,NO
public,product_variants,option_values,jsonb,NO
public,product_variants,price,numeric,NO
public,product_variants,mrp,numeric,YES
public,product_variants,stock_quantity,integer,NO
public,product_variants,barcode,text,YES
public,product_variants,status,USER-DEFINED,NO
public,product_variants,metadata,jsonb,NO
public,product_variants,created_by,uuid,YES
public,product_variants,updated_by,uuid,YES
public,product_variants,deleted_by,uuid,YES
public,product_variants,created_at,timestamp with time zone,NO
public,product_variants,updated_at,timestamp with time zone,NO
public,product_variants,deleted_at,timestamp with time zone,YES
public,products,id,uuid,NO
public,products,company_id,uuid,YES
public,products,category_id,uuid,YES
public,products,brand_id,uuid,YES
public,products,handle,text,YES
public,products,slug,text,YES
public,products,permalink,text,YES
public,products,sku,text,YES
public,products,title,text,YES
public,products,name,text,NO
public,products,description,text,YES
public,products,body_html,text,YES
public,products,details,jsonb,NO
public,products,vendor,text,YES
public,products,brand,text,YES
public,products,brand_logo,text,YES
public,products,product_type,text,YES
public,products,category,text,YES
public,products,collection,text,YES
public,products,model_number,text,YES
public,products,product_url,text,YES
public,products,images,jsonb,NO
public,products,image,text,YES
public,products,image_url,text,YES
public,products,image_urls,ARRAY,NO
public,products,gallery,jsonb,NO
public,products,seo_title,text,YES
public,products,meta_title,text,YES
public,products,seo_description,text,YES
public,products,meta_description,text,YES
public,products,hsn_code,text,YES
public,products,hsncode,text,YES
public,products,hsn,text,YES
public,products,hsn_sac,text,YES
public,products,sac_code,text,YES
public,products,is_service,boolean,NO
public,products,gst_rate,numeric,NO
public,products,gst_percentage,numeric,YES
public,products,tax_ai_confidence,numeric,YES
public,products,tax_ai_justification,text,YES
public,products,tax_ai_model,text,YES
public,products,tax_ai_classified_at,timestamp with time zone,YES
public,products,tax_ai_requested_by,uuid,YES
public,products,tax_ai_reviewed,boolean,NO
public,products,tax_ai_reviewed_by,uuid,YES
public,products,tax_ai_reviewed_at,timestamp with time zone,YES
public,products,mrp,numeric,YES
public,products,maximum_retail_price,numeric,YES
public,products,list_price,numeric,YES
public,products,price,numeric,NO
public,products,selling_price,numeric,YES
public,products,unit_price,numeric,YES
public,products,offer_price,numeric,YES
public,products,compare_at_price,numeric,YES
public,products,final_price,numeric,YES
public,products,dealer_price,numeric,YES
public,products,discount_percentage,numeric,YES
public,products,discount_source,text,YES
public,products,has_active_discount,boolean,NO
public,products,applied_offer_title,text,YES
public,products,stock,integer,NO
public,products,stock_quantity,integer,NO
public,products,stock_status,text,NO
public,products,min_stock_level,integer,NO
public,products,max_stock_level,integer,YES
public,products,rating,numeric,YES
public,products,review_count,integer,NO
public,products,reviewCount,integer,NO
public,products,popularity,integer,NO
public,products,prioritized,boolean,NO
public,products,prioritized_at,timestamp with time zone,YES
public,products,tags,ARRAY,NO
public,products,specifications,jsonb,NO
public,products,status,text,NO
public,products,is_deleted,boolean,NO
public,products,metadata,jsonb,NO
public,products,search_vector,tsvector,YES
public,products,created_by,uuid,YES
public,products,updated_by,uuid,YES
public,products,deleted_by,uuid,YES
public,products,created_at,timestamp with time zone,NO
public,products,updated_at,timestamp with time zone,NO
public,products,deleted_at,timestamp with time zone,YES
public,products,short_description,text,YES
public,profiles,id,uuid,NO
public,profiles,company_id,uuid,YES
public,profiles,branch_id,uuid,YES
public,profiles,department_id,uuid,YES
public,profiles,email,USER-DEFINED,YES
public,profiles,name,text,YES
public,profiles,full_name,text,YES
public,profiles,mobile,text,YES
public,profiles,phone,text,YES
public,profiles,phone_number,text,YES
public,profiles,role,text,NO
public,profiles,status,USER-DEFINED,NO
public,profiles,is_active,boolean,NO
public,profiles,first_login_whatsapp_sent,boolean,NO
public,profiles,first_login_notified_at,timestamp with time zone,YES
public,profiles,address,jsonb,NO
public,profiles,pincode,text,YES
public,profiles,state,text,YES
public,profiles,location,jsonb,YES
public,profiles,gstin,text,YES
public,profiles,managed_pincodes,ARRAY,NO
public,profiles,preferences,jsonb,NO
public,profiles,metadata,jsonb,NO
public,profiles,created_by,uuid,YES
public,profiles,updated_by,uuid,YES
public,profiles,deleted_by,uuid,YES
public,profiles,created_at,timestamp with time zone,NO
public,profiles,updated_at,timestamp with time zone,NO
public,profiles,deleted_at,timestamp with time zone,YES
public,profiles,avatar_url,text,YES
public,profiles,company_name,text,YES
public,profiles,branch_name,text,YES
public,profiles,department,text,YES
public,profiles,timezone,text,YES
public,profiles,language,text,YES
public,profiles,theme,text,YES
public,profiles,signature,text,YES
public,profiles,notification_preferences,jsonb,NO
public,profiles,security_preferences,jsonb,NO
public,profiles,privacy_preferences,jsonb,NO
public,profiles,appearance_preferences,jsonb,NO
public,provider_health,id,uuid,NO
public,provider_health,provider_id,uuid,NO
public,provider_health,status,text,NO
public,provider_health,response_time_ms,numeric,NO
public,provider_health,error_rate_percent,numeric,NO
public,provider_health,checked_at,timestamp with time zone,NO
public,published_blueprints,id,uuid,NO
public,published_blueprints,company_id,uuid,YES
public,published_blueprints,title,text,NO
public,published_blueprints,slug,text,NO
public,published_blueprints,description,text,YES
public,published_blueprints,blueprint,jsonb,NO
public,published_blueprints,status,USER-DEFINED,NO
public,published_blueprints,metadata,jsonb,NO
public,published_blueprints,created_by,uuid,YES
public,published_blueprints,updated_by,uuid,YES
public,published_blueprints,deleted_by,uuid,YES
public,published_blueprints,created_at,timestamp with time zone,NO
public,published_blueprints,updated_at,timestamp with time zone,NO
public,published_blueprints,deleted_at,timestamp with time zone,YES
public,purchase_items,id,uuid,NO
public,purchase_items,purchase_id,uuid,NO
public,purchase_items,product_id,uuid,NO
public,purchase_items,variant_id,uuid,YES
public,purchase_items,quantity,integer,NO
public,purchase_items,unit_cost,numeric,NO
public,purchase_items,gst_rate,numeric,NO
public,purchase_items,total,numeric,NO
public,purchase_items,metadata,jsonb,NO
public,purchase_items,created_by,uuid,YES
public,purchase_items,updated_by,uuid,YES
public,purchase_items,deleted_by,uuid,YES
public,purchase_items,created_at,timestamp with time zone,NO
public,purchase_items,updated_at,timestamp with time zone,NO
public,purchase_items,deleted_at,timestamp with time zone,YES
public,purchases,id,uuid,NO
public,purchases,company_id,uuid,YES
public,purchases,supplier_id,uuid,YES
public,purchases,warehouse_id,uuid,YES
public,purchases,purchase_number,text,NO
public,purchases,invoice_number,text,YES
public,purchases,purchase_date,date,NO
public,purchases,status,text,NO
public,purchases,subtotal,numeric,NO
public,purchases,tax_amount,numeric,NO
public,purchases,total,numeric,NO
public,purchases,notes,text,YES
public,purchases,metadata,jsonb,NO
public,purchases,created_by,uuid,YES
public,purchases,updated_by,uuid,YES
public,purchases,deleted_by,uuid,YES
public,purchases,created_at,timestamp with time zone,NO
public,purchases,updated_at,timestamp with time zone,NO
public,purchases,deleted_at,timestamp with time zone,YES
public,quote_items,id,uuid,NO
public,quote_items,quote_id,uuid,NO
public,quote_items,product_id,uuid,YES
public,quote_items,description,text,YES
public,quote_items,quantity,integer,NO
public,quote_items,unit_price,numeric,NO
public,quote_items,total,numeric,NO
public,quote_items,metadata,jsonb,NO
public,quote_items,created_by,uuid,YES
public,quote_items,updated_by,uuid,YES
public,quote_items,deleted_by,uuid,YES
public,quote_items,created_at,timestamp with time zone,NO
public,quote_items,updated_at,timestamp with time zone,NO
public,quote_items,deleted_at,timestamp with time zone,YES
public,quotes,id,uuid,NO
public,quotes,company_id,uuid,YES
public,quotes,customer_id,uuid,YES
public,quotes,quote_number,text,NO
public,quotes,status,text,NO
public,quotes,subtotal,numeric,NO
public,quotes,tax_amount,numeric,NO
public,quotes,discount_amount,numeric,NO
public,quotes,total,numeric,NO
public,quotes,valid_until,date,YES
public,quotes,advance_payment_amount,numeric,YES
public,quotes,accepted_at,timestamp with time zone,YES
public,quotes,rejected_at,timestamp with time zone,YES
public,quotes,metadata,jsonb,NO
public,quotes,created_by,uuid,YES
public,quotes,updated_by,uuid,YES
public,quotes,deleted_by,uuid,YES
public,quotes,created_at,timestamp with time zone,NO
public,quotes,updated_at,timestamp with time zone,NO
public,quotes,deleted_at,timestamp with time zone,YES
public,referral_claims,id,uuid,NO
public,referral_claims,referral_code_id,uuid,YES
public,referral_claims,claimant_customer_id,uuid,YES
public,referral_claims,order_id,uuid,YES
public,referral_claims,status,text,NO
public,referral_claims,metadata,jsonb,NO
public,referral_claims,created_by,uuid,YES
public,referral_claims,updated_by,uuid,YES
public,referral_claims,deleted_by,uuid,YES
public,referral_claims,created_at,timestamp with time zone,NO
public,referral_claims,updated_at,timestamp with time zone,NO
public,referral_claims,deleted_at,timestamp with time zone,YES
public,referral_codes,id,uuid,NO
public,referral_codes,customer_id,uuid,YES
public,referral_codes,sales_agent_id,uuid,YES
public,referral_codes,code,text,NO
public,referral_codes,usage_count,integer,NO
public,referral_codes,usage_limit,integer,YES
public,referral_codes,status,USER-DEFINED,NO
public,referral_codes,metadata,jsonb,NO
public,referral_codes,created_by,uuid,YES
public,referral_codes,updated_by,uuid,YES
public,referral_codes,deleted_by,uuid,YES
public,referral_codes,created_at,timestamp with time zone,NO
public,referral_codes,updated_at,timestamp with time zone,NO
public,referral_codes,deleted_at,timestamp with time zone,YES
public,release_notes,id,uuid,NO
public,release_notes,release_id,uuid,NO
public,release_notes,summary,text,NO
public,release_notes,fixed_bugs,jsonb,NO
public,release_notes,known_issues,jsonb,NO
public,release_notes,breaking_changes,jsonb,NO
public,release_notes,migration_notes,text,YES
public,release_notes,published_at,timestamp with time zone,NO
public,release_notes,created_at,timestamp with time zone,NO
public,releases,id,uuid,NO
public,releases,version,text,NO
public,releases,release_date,timestamp with time zone,YES
public,releases,status,text,NO
public,releases,build_success_rate_percent,numeric,NO
public,releases,failed_builds_count,integer,NO
public,releases,created_by_id,uuid,YES
public,releases,created_at,timestamp with time zone,NO
public,reports,id,uuid,NO
public,reports,company_id,uuid,YES
public,reports,name,text,NO
public,reports,report_type,text,NO
public,reports,definition,jsonb,NO
public,reports,schedule,jsonb,YES
public,reports,status,USER-DEFINED,NO
public,reports,metadata,jsonb,NO
public,reports,created_by,uuid,YES
public,reports,updated_by,uuid,YES
public,reports,deleted_by,uuid,YES
public,reports,created_at,timestamp with time zone,NO
public,reports,updated_at,timestamp with time zone,NO
public,reports,deleted_at,timestamp with time zone,YES
public,role_permissions,id,uuid,NO
public,role_permissions,role_id,uuid,NO
public,role_permissions,permission_id,uuid,NO
public,role_permissions,created_by,uuid,YES
public,role_permissions,updated_by,uuid,YES
public,role_permissions,deleted_by,uuid,YES
public,role_permissions,created_at,timestamp with time zone,NO
public,role_permissions,updated_at,timestamp with time zone,NO
public,role_permissions,deleted_at,timestamp with time zone,YES
public,roles,id,uuid,NO
public,roles,company_id,uuid,YES
public,roles,name,text,NO
public,roles,display_name,text,YES
public,roles,description,text,YES
public,roles,is_system,boolean,NO
public,roles,status,USER-DEFINED,NO
public,roles,metadata,jsonb,NO
public,roles,created_by,uuid,YES
public,roles,updated_by,uuid,YES
public,roles,deleted_by,uuid,YES
public,roles,created_at,timestamp with time zone,NO
public,roles,updated_at,timestamp with time zone,NO
public,roles,deleted_at,timestamp with time zone,YES
public,rollback_history,id,uuid,NO
public,rollback_history,deployment_id,uuid,NO
public,rollback_history,rollback_reason,text,NO
public,rollback_history,rolled_back_to_version,text,NO
public,rollback_history,initiated_by_id,uuid,YES
public,rollback_history,started_at,timestamp with time zone,YES
public,rollback_history,completed_at,timestamp with time zone,YES
public,rollback_history,status,text,NO
public,rollback_history,created_at,timestamp with time zone,NO
public,rpt_ai_insights,id,uuid,NO
public,rpt_ai_insights,org_id,uuid,YES
public,rpt_ai_insights,insight_type,text,NO
public,rpt_ai_insights,category,text,NO
public,rpt_ai_insights,insight_text,text,NO
public,rpt_ai_insights,confidence_score,numeric,YES
public,rpt_ai_insights,data_snapshot,jsonb,YES
public,rpt_ai_insights,generated_at,timestamp with time zone,NO
public,rpt_ai_insights,is_acknowledged,boolean,YES
public,rpt_dashboard_layouts,id,uuid,NO
public,rpt_dashboard_layouts,org_id,uuid,YES
public,rpt_dashboard_layouts,role_id,uuid,YES
public,rpt_dashboard_layouts,name,text,NO
public,rpt_dashboard_layouts,is_default,boolean,YES
public,rpt_dashboard_layouts,created_by,uuid,YES
public,rpt_dashboard_layouts,updated_by,uuid,YES
public,rpt_dashboard_layouts,created_at,timestamp with time zone,NO
public,rpt_dashboard_layouts,updated_at,timestamp with time zone,NO
public,rpt_dashboard_widgets,id,uuid,NO
public,rpt_dashboard_widgets,layout_id,uuid,NO
public,rpt_dashboard_widgets,widget_type,text,NO
public,rpt_dashboard_widgets,data_source,text,NO
public,rpt_dashboard_widgets,title,text,NO
public,rpt_dashboard_widgets,configuration,jsonb,NO
public,rpt_dashboard_widgets,created_at,timestamp with time zone,NO
public,rpt_dashboard_widgets,updated_at,timestamp with time zone,NO
public,rpt_saved_reports,id,uuid,NO
public,rpt_saved_reports,org_id,uuid,YES
public,rpt_saved_reports,name,text,NO
public,rpt_saved_reports,report_category,text,NO
public,rpt_saved_reports,query_configuration,jsonb,NO
public,rpt_saved_reports,schedule_cron,text,YES
public,rpt_saved_reports,created_by,uuid,YES
public,rpt_saved_reports,created_at,timestamp with time zone,NO
public,rpt_saved_reports,updated_at,timestamp with time zone,NO
public,sales_agent_commissions,id,uuid,NO
public,sales_agent_commissions,agent_id,uuid,YES
public,sales_agent_commissions,order_id,uuid,YES
public,sales_agent_commissions,points_to_add,integer,NO
public,sales_agent_commissions,amount,numeric,NO
public,sales_agent_commissions,status,text,NO
public,sales_agent_commissions,metadata,jsonb,NO
public,sales_agent_commissions,created_by,uuid,YES
public,sales_agent_commissions,updated_by,uuid,YES
public,sales_agent_commissions,deleted_by,uuid,YES
public,sales_agent_commissions,created_at,timestamp with time zone,NO
public,sales_agent_commissions,updated_at,timestamp with time zone,NO
public,sales_agent_commissions,deleted_at,timestamp with time zone,YES
public,sales_agents,id,uuid,NO
public,sales_agents,user_id,uuid,YES
public,sales_agents,company_id,uuid,YES
public,sales_agents,agent_code,text,YES
public,sales_agents,referral_code,text,YES
public,sales_agents,name,text,YES
public,sales_agents,email,USER-DEFINED,YES
public,sales_agents,mobile,text,YES
public,sales_agents,status,text,NO
public,sales_agents,points_balance,integer,NO
public,sales_agents,approved_at,timestamp with time zone,YES
public,sales_agents,approved_by,uuid,YES
public,sales_agents,rejected_at,timestamp with time zone,YES
public,sales_agents,rejection_reason,text,YES
public,sales_agents,metadata,jsonb,NO
public,sales_agents,created_by,uuid,YES
public,sales_agents,updated_by,uuid,YES
public,sales_agents,deleted_by,uuid,YES
public,sales_agents,created_at,timestamp with time zone,NO
public,sales_agents,updated_at,timestamp with time zone,NO
public,sales_agents,deleted_at,timestamp with time zone,YES
public,security_audit_log,id,uuid,NO
public,security_audit_log,user_id,uuid,YES
public,security_audit_log,event_type,text,NO
public,security_audit_log,risk_level,text,NO
public,security_audit_log,ip_address,inet,YES
public,security_audit_log,user_agent,text,YES
public,security_audit_log,details,jsonb,NO
public,security_audit_log,created_by,uuid,YES
public,security_audit_log,updated_by,uuid,YES
public,security_audit_log,deleted_by,uuid,YES
public,security_audit_log,created_at,timestamp with time zone,NO
public,security_audit_log,updated_at,timestamp with time zone,NO
public,security_audit_log,deleted_at,timestamp with time zone,YES
public,security_settings,id,uuid,NO
public,security_settings,company_id,uuid,YES
public,security_settings,key,text,NO
public,security_settings,value,jsonb,NO
public,security_settings,metadata,jsonb,NO
public,security_settings,created_by,uuid,YES
public,security_settings,updated_by,uuid,YES
public,security_settings,deleted_by,uuid,YES
public,security_settings,created_at,timestamp with time zone,NO
public,security_settings,updated_at,timestamp with time zone,NO
public,security_settings,deleted_at,timestamp with time zone,YES
public,service_engineers,id,uuid,NO
public,service_engineers,staff_id,uuid,YES
public,service_engineers,user_id,uuid,YES
public,service_engineers,company_id,uuid,YES
public,service_engineers,specialization,ARRAY,NO
public,service_engineers,skill_level,text,YES
public,service_engineers,availability_status,text,NO
public,service_engineers,rating,numeric,YES
public,service_engineers,metadata,jsonb,NO
public,service_engineers,created_by,uuid,YES
public,service_engineers,updated_by,uuid,YES
public,service_engineers,deleted_by,uuid,YES
public,service_engineers,created_at,timestamp with time zone,NO
public,service_engineers,updated_at,timestamp with time zone,NO
public,service_engineers,deleted_at,timestamp with time zone,YES
public,service_requests,id,uuid,NO
public,service_requests,company_id,uuid,YES
public,service_requests,customer_id,uuid,YES
public,service_requests,service_id,uuid,YES
public,service_requests,ticket_id,uuid,YES
public,service_requests,requested_for,timestamp with time zone,YES
public,service_requests,address,jsonb,NO
public,service_requests,status,text,NO
public,service_requests,metadata,jsonb,NO
public,service_requests,created_by,uuid,YES
public,service_requests,updated_by,uuid,YES
public,service_requests,deleted_by,uuid,YES
public,service_requests,created_at,timestamp with time zone,NO
public,service_requests,updated_at,timestamp with time zone,NO
public,service_requests,deleted_at,timestamp with time zone,YES
public,service_tickets,id,uuid,NO
public,service_tickets,company_id,uuid,YES
public,service_tickets,customer_id,uuid,YES
public,service_tickets,order_id,uuid,YES
public,service_tickets,service_id,uuid,YES
public,service_tickets,title,text,NO
public,service_tickets,description,text,YES
public,service_tickets,status,text,NO
public,service_tickets,priority,text,NO
public,service_tickets,department,text,NO
public,service_tickets,assigned_to,uuid,YES
public,service_tickets,engineer_id,uuid,YES
public,service_tickets,sender_number,text,YES
public,service_tickets,sla_breach_at,timestamp with time zone,YES
public,service_tickets,resolved_at,timestamp with time zone,YES
public,service_tickets,metadata,jsonb,NO
public,service_tickets,search_vector,tsvector,YES
public,service_tickets,created_by,uuid,YES
public,service_tickets,updated_by,uuid,YES
public,service_tickets,deleted_by,uuid,YES
public,service_tickets,created_at,timestamp with time zone,NO
public,service_tickets,updated_at,timestamp with time zone,NO
public,service_tickets,deleted_at,timestamp with time zone,YES
public,services,id,uuid,NO
public,services,company_id,uuid,YES
public,services,category_id,uuid,YES
public,services,name,text,NO
public,services,slug,text,YES
public,services,category,text,YES
public,services,description,text,YES
public,services,base_price,numeric,NO
public,services,status,USER-DEFINED,NO
public,services,metadata,jsonb,NO
public,services,created_by,uuid,YES
public,services,updated_by,uuid,YES
public,services,deleted_by,uuid,YES
public,services,created_at,timestamp with time zone,NO
public,services,updated_at,timestamp with time zone,NO
public,services,deleted_at,timestamp with time zone,YES
public,settings,id,uuid,NO
public,settings,company_id,uuid,YES
public,settings,key,text,NO
public,settings,value,jsonb,NO
public,settings,is_secret,boolean,NO
public,settings,description,text,YES
public,settings,metadata,jsonb,NO
public,settings,created_by,uuid,YES
public,settings,updated_by,uuid,YES
public,settings,deleted_by,uuid,YES
public,settings,created_at,timestamp with time zone,NO
public,settings,updated_at,timestamp with time zone,NO
public,settings,deleted_at,timestamp with time zone,YES
public,sls_activities,id,uuid,NO
public,sls_activities,lead_id,uuid,YES
public,sls_activities,activity_type,text,NO
public,sls_activities,notes,text,YES
public,sls_activities,occurred_at,timestamp with time zone,NO
public,sls_activities,metadata,jsonb,NO
public,sls_activities,created_by,uuid,YES
public,sls_activities,updated_by,uuid,YES
public,sls_activities,deleted_by,uuid,YES
public,sls_activities,created_at,timestamp with time zone,NO
public,sls_activities,updated_at,timestamp with time zone,NO
public,sls_activities,deleted_at,timestamp with time zone,YES
public,sls_activities,assigned_to,uuid,YES
public,sls_activities,status,USER-DEFINED,YES
public,sls_lead_assignments,id,uuid,NO
public,sls_lead_assignments,lead_id,uuid,YES
public,sls_lead_assignments,opportunity_id,uuid,YES
public,sls_lead_assignments,sales_executive_id,uuid,NO
public,sls_lead_assignments,assigned_by,uuid,YES
public,sls_lead_assignments,assigned_at,timestamp with time zone,NO
public,sls_lead_assignments,is_active,boolean,YES
public,sls_lead_sources,id,uuid,NO
public,sls_lead_sources,org_id,uuid,YES
public,sls_lead_sources,name,text,NO
public,sls_lead_sources,cost_per_lead,numeric,YES
public,sls_lead_sources,created_by,uuid,YES
public,sls_lead_sources,updated_by,uuid,YES
public,sls_lead_sources,created_at,timestamp with time zone,NO
public,sls_lead_sources,updated_at,timestamp with time zone,NO
public,sls_lead_sources,deleted_at,timestamp with time zone,YES
public,sls_leads,id,uuid,NO
public,sls_leads,org_id,uuid,YES
public,sls_leads,first_name,text,NO
public,sls_leads,last_name,text,YES
public,sls_leads,email,text,YES
public,sls_leads,phone,text,YES
public,sls_leads,company_name,text,YES
public,sls_leads,job_title,text,YES
public,sls_leads,source_id,uuid,YES
public,sls_leads,status,USER-DEFINED,YES
public,sls_leads,lead_score,integer,YES
public,sls_leads,converted_customer_id,uuid,YES
public,sls_leads,metadata,jsonb,YES
public,sls_leads,search_vector,tsvector,YES
public,sls_leads,created_by,uuid,YES
public,sls_leads,updated_by,uuid,YES
public,sls_leads,created_at,timestamp with time zone,NO
public,sls_leads,updated_at,timestamp with time zone,NO
public,sls_leads,deleted_at,timestamp with time zone,YES
public,sls_leads,budget,numeric,YES
public,sls_leads,timeline,text,YES
public,sls_leads,city,text,YES
public,sls_leads,business_type,text,YES
public,sls_leads,requirement,text,YES
public,sls_leads,quantity,integer,YES
public,sls_leads,heat_level,USER-DEFINED,YES
public,sls_leads,tracking_session_id,text,YES
public,sls_leads,lead_owner_id,uuid,YES
public,sls_notes,id,uuid,NO
public,sls_notes,lead_id,uuid,YES
public,sls_notes,opportunity_id,uuid,YES
public,sls_notes,note,text,NO
public,sls_notes,is_pinned,boolean,YES
public,sls_notes,created_by,uuid,YES
public,sls_notes,updated_by,uuid,YES
public,sls_notes,created_at,timestamp with time zone,NO
public,sls_notes,updated_at,timestamp with time zone,NO
public,sls_notes,deleted_at,timestamp with time zone,YES
public,sls_nurture_sequences,id,uuid,NO
public,sls_nurture_sequences,org_id,uuid,YES
public,sls_nurture_sequences,name,text,NO
public,sls_nurture_sequences,description,text,YES
public,sls_nurture_sequences,target_audience,text,YES
public,sls_nurture_sequences,is_active,boolean,YES
public,sls_nurture_sequences,created_by,uuid,YES
public,sls_nurture_sequences,created_at,timestamp with time zone,NO
public,sls_nurture_sequences,updated_at,timestamp with time zone,NO
public,sls_nurture_steps,id,uuid,NO
public,sls_nurture_steps,sequence_id,uuid,NO
public,sls_nurture_steps,step_order,integer,NO
public,sls_nurture_steps,delay_days,integer,NO
public,sls_nurture_steps,action_type,USER-DEFINED,NO
public,sls_nurture_steps,message_template,text,YES
public,sls_nurture_steps,created_at,timestamp with time zone,NO
public,sls_opportunities,id,uuid,NO
public,sls_opportunities,org_id,uuid,YES
public,sls_opportunities,lead_id,uuid,YES
public,sls_opportunities,customer_id,uuid,YES
public,sls_opportunities,pipeline_id,uuid,NO
public,sls_opportunities,stage_id,uuid,NO
public,sls_opportunities,title,text,NO
public,sls_opportunities,expected_revenue,numeric,NO
public,sls_opportunities,expected_close_date,date,YES
public,sls_opportunities,actual_close_date,date,YES
public,sls_opportunities,status,USER-DEFINED,YES
public,sls_opportunities,loss_reason,text,YES
public,sls_opportunities,created_by,uuid,YES
public,sls_opportunities,updated_by,uuid,YES
public,sls_opportunities,created_at,timestamp with time zone,NO
public,sls_opportunities,updated_at,timestamp with time zone,NO
public,sls_opportunities,deleted_at,timestamp with time zone,YES
public,sls_pipelines,id,uuid,NO
public,sls_pipelines,org_id,uuid,YES
public,sls_pipelines,name,text,NO
public,sls_pipelines,description,text,YES
public,sls_pipelines,is_default,boolean,YES
public,sls_pipelines,created_by,uuid,YES
public,sls_pipelines,updated_by,uuid,YES
public,sls_pipelines,created_at,timestamp with time zone,NO
public,sls_pipelines,updated_at,timestamp with time zone,NO
public,sls_pipelines,deleted_at,timestamp with time zone,YES
public,sls_stages,id,uuid,NO
public,sls_stages,org_id,uuid,YES
public,sls_stages,pipeline_id,uuid,NO
public,sls_stages,name,text,NO
public,sls_stages,display_order,integer,NO
public,sls_stages,probability_percentage,numeric,YES
public,sls_stages,is_won_stage,boolean,YES
public,sls_stages,is_lost_stage,boolean,YES
public,sls_stages,created_by,uuid,YES
public,sls_stages,updated_by,uuid,YES
public,sls_stages,created_at,timestamp with time zone,NO
public,sls_stages,updated_at,timestamp with time zone,NO
public,sls_stages,deleted_at,timestamp with time zone,YES
public,sls_timeline,id,uuid,NO
public,sls_timeline,lead_id,uuid,YES
public,sls_timeline,opportunity_id,uuid,YES
public,sls_timeline,event_type,text,NO
public,sls_timeline,description,text,NO
public,sls_timeline,old_value,text,YES
public,sls_timeline,new_value,text,YES
public,sls_timeline,metadata,jsonb,YES
public,sls_timeline,created_by,uuid,YES
public,sls_timeline,created_at,timestamp with time zone,NO
public,sls_visitor_tracking,id,uuid,NO
public,sls_visitor_tracking,session_id,text,NO
public,sls_visitor_tracking,url_visited,text,NO
public,sls_visitor_tracking,time_spent_seconds,integer,YES
public,sls_visitor_tracking,product_id,uuid,YES
public,sls_visitor_tracking,metadata,jsonb,YES
public,sls_visitor_tracking,created_at,timestamp with time zone,NO
public,staff,id,uuid,NO
public,staff,user_id,uuid,NO
public,staff,company_id,uuid,NO
public,staff,branch_id,uuid,YES
public,staff,department_id,uuid,YES
public,staff,employee_code,text,NO
public,staff,designation,text,YES
public,staff,employment_type,text,NO
public,staff,joining_date,date,YES
public,staff,exit_date,date,YES
public,staff,manager_staff_id,uuid,YES
public,staff,status,USER-DEFINED,NO
public,staff,metadata,jsonb,NO
public,staff,created_by,uuid,YES
public,staff,updated_by,uuid,YES
public,staff,deleted_by,uuid,YES
public,staff,created_at,timestamp with time zone,NO
public,staff,updated_at,timestamp with time zone,NO
public,staff,deleted_at,timestamp with time zone,YES
public,stock_movements,id,uuid,NO
public,stock_movements,company_id,uuid,YES
public,stock_movements,product_id,uuid,NO
public,stock_movements,variant_id,uuid,YES
public,stock_movements,warehouse_id,uuid,YES
public,stock_movements,inventory_item_id,uuid,YES
public,stock_movements,movement_type,USER-DEFINED,NO
public,stock_movements,quantity,integer,NO
public,stock_movements,reference_type,text,YES
public,stock_movements,reference_id,uuid,YES
public,stock_movements,notes,text,YES
public,stock_movements,metadata,jsonb,NO
public,stock_movements,created_by,uuid,YES
public,stock_movements,updated_by,uuid,YES
public,stock_movements,deleted_by,uuid,YES
public,stock_movements,created_at,timestamp with time zone,NO
public,stock_movements,updated_at,timestamp with time zone,NO
public,stock_movements,deleted_at,timestamp with time zone,YES
public,sub_billing_cycles,id,uuid,NO
public,sub_billing_cycles,subscription_id,uuid,NO
public,sub_billing_cycles,invoice_id,uuid,YES
public,sub_billing_cycles,cycle_start,timestamp with time zone,NO
public,sub_billing_cycles,cycle_end,timestamp with time zone,NO
public,sub_billing_cycles,amount_due,numeric,NO
public,sub_billing_cycles,is_processed,boolean,YES
public,sub_billing_cycles,processed_at,timestamp with time zone,YES
public,sub_billing_cycles,created_at,timestamp with time zone,NO
public,sub_plans,id,uuid,NO
public,sub_plans,org_id,uuid,YES
public,sub_plans,product_id,uuid,YES
public,sub_plans,name,text,NO
public,sub_plans,description,text,YES
public,sub_plans,interval,USER-DEFINED,NO
public,sub_plans,interval_count,integer,NO
public,sub_plans,amount,numeric,NO
public,sub_plans,trial_period_days,integer,YES
public,sub_plans,is_active,boolean,YES
public,sub_plans,created_by,uuid,YES
public,sub_plans,updated_by,uuid,YES
public,sub_plans,created_at,timestamp with time zone,NO
public,sub_plans,updated_at,timestamp with time zone,NO
public,sub_plans,deleted_at,timestamp with time zone,YES
public,sub_subscriptions,id,uuid,NO
public,sub_subscriptions,org_id,uuid,YES
public,sub_subscriptions,customer_id,uuid,NO
public,sub_subscriptions,plan_id,uuid,NO
public,sub_subscriptions,status,USER-DEFINED,NO
public,sub_subscriptions,quantity,integer,NO
public,sub_subscriptions,current_period_start,timestamp with time zone,NO
public,sub_subscriptions,current_period_end,timestamp with time zone,NO
public,sub_subscriptions,cancel_at_period_end,boolean,YES
public,sub_subscriptions,canceled_at,timestamp with time zone,YES
public,sub_subscriptions,created_by,uuid,YES
public,sub_subscriptions,updated_by,uuid,YES
public,sub_subscriptions,created_at,timestamp with time zone,NO
public,sub_subscriptions,updated_at,timestamp with time zone,NO
public,sup_amc_contracts,id,uuid,NO
public,sup_amc_contracts,org_id,uuid,YES
public,sup_amc_contracts,customer_id,uuid,NO
public,sup_amc_contracts,asset_id,uuid,YES
public,sup_amc_contracts,contract_number,text,NO
public,sup_amc_contracts,start_date,date,NO
public,sup_amc_contracts,end_date,date,NO
public,sup_amc_contracts,total_preventative_visits,integer,NO
public,sup_amc_contracts,visits_completed,integer,NO
public,sup_amc_contracts,contract_value,numeric,NO
public,sup_amc_contracts,status,text,YES
public,sup_amc_contracts,terms_conditions_url,text,YES
public,sup_amc_contracts,created_by,uuid,YES
public,sup_amc_contracts,updated_by,uuid,YES
public,sup_amc_contracts,created_at,timestamp with time zone,NO
public,sup_amc_contracts,updated_at,timestamp with time zone,NO
public,sup_amc_contracts,deleted_at,timestamp with time zone,YES
public,sup_customer_assets,id,uuid,NO
public,sup_customer_assets,org_id,uuid,YES
public,sup_customer_assets,customer_id,uuid,NO
public,sup_customer_assets,variant_id,uuid,NO
public,sup_customer_assets,serial_number_id,uuid,YES
public,sup_customer_assets,order_id,uuid,YES
public,sup_customer_assets,installation_date,date,YES
public,sup_customer_assets,status,text,YES
public,sup_customer_assets,location_address_id,uuid,YES
public,sup_customer_assets,created_by,uuid,YES
public,sup_customer_assets,updated_by,uuid,YES
public,sup_customer_assets,created_at,timestamp with time zone,NO
public,sup_customer_assets,updated_at,timestamp with time zone,NO
public,sup_customer_assets,deleted_at,timestamp with time zone,YES
public,sup_engineer_visits,id,uuid,NO
public,sup_engineer_visits,ticket_id,uuid,NO
public,sup_engineer_visits,engineer_id,uuid,NO
public,sup_engineer_visits,visit_type,USER-DEFINED,NO
public,sup_engineer_visits,scheduled_start,timestamp with time zone,NO
public,sup_engineer_visits,scheduled_end,timestamp with time zone,NO
public,sup_engineer_visits,actual_start,timestamp with time zone,YES
public,sup_engineer_visits,actual_end,timestamp with time zone,YES
public,sup_engineer_visits,status,USER-DEFINED,YES
public,sup_engineer_visits,address_id,uuid,YES
public,sup_engineer_visits,gps_checkin_lat,numeric,YES
public,sup_engineer_visits,gps_checkin_lng,numeric,YES
public,sup_engineer_visits,created_by,uuid,YES
public,sup_engineer_visits,updated_by,uuid,YES
public,sup_engineer_visits,created_at,timestamp with time zone,NO
public,sup_engineer_visits,updated_at,timestamp with time zone,NO
public,sup_engineer_visits,deleted_at,timestamp with time zone,YES
public,sup_engineers,id,uuid,NO
public,sup_engineers,org_id,uuid,YES
public,sup_engineers,user_id,uuid,NO
public,sup_engineers,skills,ARRAY,YES
public,sup_engineers,service_area_radius_km,integer,YES
public,sup_engineers,base_location_lat,numeric,YES
public,sup_engineers,base_location_lng,numeric,YES
public,sup_engineers,is_active,boolean,YES
public,sup_engineers,created_by,uuid,YES
public,sup_engineers,updated_by,uuid,YES
public,sup_engineers,created_at,timestamp with time zone,NO
public,sup_engineers,updated_at,timestamp with time zone,NO
public,sup_engineers,deleted_at,timestamp with time zone,YES
public,sup_service_reports,id,uuid,NO
public,sup_service_reports,visit_id,uuid,NO
public,sup_service_reports,engineer_id,uuid,NO
public,sup_service_reports,work_done_summary,text,NO
public,sup_service_reports,recommendations,text,YES
public,sup_service_reports,customer_signature_url,text,YES
public,sup_service_reports,is_signed_off,boolean,YES
public,sup_service_reports,signed_off_at,timestamp with time zone,YES
public,sup_service_reports,created_by,uuid,YES
public,sup_service_reports,updated_by,uuid,YES
public,sup_service_reports,created_at,timestamp with time zone,NO
public,sup_service_reports,updated_at,timestamp with time zone,NO
public,sup_service_reports,deleted_at,timestamp with time zone,YES
public,sup_spare_parts_used,id,uuid,NO
public,sup_spare_parts_used,service_report_id,uuid,NO
public,sup_spare_parts_used,variant_id,uuid,NO
public,sup_spare_parts_used,warehouse_id,uuid,YES
public,sup_spare_parts_used,quantity,integer,NO
public,sup_spare_parts_used,is_billable,boolean,YES
public,sup_spare_parts_used,status,text,YES
public,sup_spare_parts_used,created_by,uuid,YES
public,sup_spare_parts_used,updated_by,uuid,YES
public,sup_spare_parts_used,created_at,timestamp with time zone,NO
public,sup_spare_parts_used,updated_at,timestamp with time zone,NO
public,sup_spare_parts_used,deleted_at,timestamp with time zone,YES
public,sup_ticket_attachments,id,uuid,NO
public,sup_ticket_attachments,ticket_id,uuid,NO
public,sup_ticket_attachments,message_id,uuid,YES
public,sup_ticket_attachments,file_name,text,NO
public,sup_ticket_attachments,file_url,text,NO
public,sup_ticket_attachments,file_type,text,NO
public,sup_ticket_attachments,file_size_bytes,bigint,YES
public,sup_ticket_attachments,uploaded_by,uuid,YES
public,sup_ticket_attachments,created_at,timestamp with time zone,NO
public,sup_ticket_feedback,id,uuid,NO
public,sup_ticket_feedback,ticket_id,uuid,NO
public,sup_ticket_feedback,customer_id,uuid,NO
public,sup_ticket_feedback,csat_score,integer,NO
public,sup_ticket_feedback,nps_score,integer,YES
public,sup_ticket_feedback,feedback_text,text,YES
public,sup_ticket_feedback,created_at,timestamp with time zone,NO
public,sup_ticket_messages,id,uuid,NO
public,sup_ticket_messages,ticket_id,uuid,NO
public,sup_ticket_messages,sender_user_id,uuid,YES
public,sup_ticket_messages,sender_customer_id,uuid,YES
public,sup_ticket_messages,message,text,NO
public,sup_ticket_messages,is_internal_note,boolean,YES
public,sup_ticket_messages,created_at,timestamp with time zone,NO
public,sup_ticket_messages,updated_at,timestamp with time zone,NO
public,sup_ticket_messages,deleted_at,timestamp with time zone,YES
public,sup_ticket_resolutions,id,uuid,NO
public,sup_ticket_resolutions,ticket_id,uuid,NO
public,sup_ticket_resolutions,resolution_code,text,NO
public,sup_ticket_resolutions,resolution_summary,text,NO
public,sup_ticket_resolutions,resolved_by,uuid,NO
public,sup_ticket_resolutions,created_at,timestamp with time zone,NO
public,sup_ticket_resolutions,updated_at,timestamp with time zone,NO
public,sup_tickets,id,uuid,NO
public,sup_tickets,org_id,uuid,YES
public,sup_tickets,ticket_number,text,NO
public,sup_tickets,customer_id,uuid,NO
public,sup_tickets,asset_id,uuid,YES
public,sup_tickets,ticket_type,USER-DEFINED,NO
public,sup_tickets,priority,USER-DEFINED,YES
public,sup_tickets,status,USER-DEFINED,YES
public,sup_tickets,subject,text,NO
public,sup_tickets,description,text,NO
public,sup_tickets,assigned_to,uuid,YES
public,sup_tickets,due_date,timestamp with time zone,YES
public,sup_tickets,resolved_at,timestamp with time zone,YES
public,sup_tickets,closed_at,timestamp with time zone,YES
public,sup_tickets,is_sla_breached,boolean,YES
public,sup_tickets,created_by,uuid,YES
public,sup_tickets,updated_by,uuid,YES
public,sup_tickets,created_at,timestamp with time zone,NO
public,sup_tickets,updated_at,timestamp with time zone,NO
public,sup_tickets,deleted_at,timestamp with time zone,YES
public,sup_tickets,search_vector,tsvector,YES
public,sup_warranties,id,uuid,NO
public,sup_warranties,asset_id,uuid,NO
public,sup_warranties,warranty_type,text,NO
public,sup_warranties,provider,text,NO
public,sup_warranties,start_date,date,NO
public,sup_warranties,end_date,date,NO
public,sup_warranties,terms_conditions_url,text,YES
public,sup_warranties,is_active,boolean,YES
public,sup_warranties,created_by,uuid,YES
public,sup_warranties,updated_by,uuid,YES
public,sup_warranties,created_at,timestamp with time zone,NO
public,sup_warranties,updated_at,timestamp with time zone,NO
public,sup_warranties,deleted_at,timestamp with time zone,YES
public,suppliers,id,uuid,NO
public,suppliers,company_id,uuid,YES
public,suppliers,supplier_code,text,YES
public,suppliers,name,text,NO
public,suppliers,email,USER-DEFINED,YES
public,suppliers,phone,text,YES
public,suppliers,gstin,text,YES
public,suppliers,address,jsonb,NO
public,suppliers,payment_terms,text,YES
public,suppliers,status,USER-DEFINED,NO
public,suppliers,metadata,jsonb,NO
public,suppliers,created_by,uuid,YES
public,suppliers,updated_by,uuid,YES
public,suppliers,deleted_by,uuid,YES
public,suppliers,created_at,timestamp with time zone,NO
public,suppliers,updated_at,timestamp with time zone,NO
public,suppliers,deleted_at,timestamp with time zone,YES
public,sync_job_history,id,uuid,NO
public,sync_job_history,sync_job_id,uuid,NO
public,sync_job_history,status,text,NO
public,sync_job_history,records_processed,integer,NO
public,sync_job_history,records_failed,integer,NO
public,sync_job_history,summary,text,YES
public,sync_job_history,executed_at,timestamp with time zone,NO
public,sync_jobs,id,uuid,NO
public,sync_jobs,integration_type,text,NO
public,sync_jobs,trigger_mode,text,NO
public,sync_jobs,status,text,NO
public,sync_jobs,last_cursor,text,YES
public,sync_jobs,started_at,timestamp with time zone,YES
public,sync_jobs,completed_at,timestamp with time zone,YES
public,sync_jobs,created_at,timestamp with time zone,NO
public,sys_api_logs,id,uuid,NO
public,sys_api_logs,org_id,uuid,YES
public,sys_api_logs,direction,text,NO
public,sys_api_logs,provider,text,YES
public,sys_api_logs,endpoint,text,NO
public,sys_api_logs,method,text,NO
public,sys_api_logs,status_code,integer,YES
public,sys_api_logs,request_payload,jsonb,YES
public,sys_api_logs,response_payload,jsonb,YES
public,sys_api_logs,processing_time_ms,integer,YES
public,sys_api_logs,created_at,timestamp with time zone,NO
public,sys_app_settings,id,uuid,NO
public,sys_app_settings,org_id,uuid,YES
public,sys_app_settings,setting_key,text,NO
public,sys_app_settings,setting_value,jsonb,NO
public,sys_app_settings,description,text,YES
public,sys_app_settings,created_by,uuid,YES
public,sys_app_settings,updated_by,uuid,YES
public,sys_app_settings,created_at,timestamp with time zone,NO
public,sys_app_settings,updated_at,timestamp with time zone,NO
public,sys_audit_logs,id,uuid,NO
public,sys_audit_logs,table_name,text,NO
public,sys_audit_logs,record_id,uuid,NO
public,sys_audit_logs,action,text,NO
public,sys_audit_logs,old_data,jsonb,YES
public,sys_audit_logs,new_data,jsonb,YES
public,sys_audit_logs,changed_by,uuid,YES
public,sys_audit_logs,created_at,timestamp with time zone,NO
public,sys_auth_2fa,id,uuid,NO
public,sys_auth_2fa,user_id,uuid,NO
public,sys_auth_2fa,method,text,NO
public,sys_auth_2fa,secret,text,YES
public,sys_auth_2fa,recovery_codes,ARRAY,YES
public,sys_auth_2fa,is_enabled,boolean,YES
public,sys_auth_2fa,created_at,timestamp with time zone,NO
public,sys_auth_2fa,updated_at,timestamp with time zone,NO
public,sys_auth_2fa,deleted_at,timestamp with time zone,YES
public,sys_auth_api_keys,id,uuid,NO
public,sys_auth_api_keys,org_id,uuid,YES
public,sys_auth_api_keys,user_id,uuid,YES
public,sys_auth_api_keys,name,text,NO
public,sys_auth_api_keys,key_hash,text,NO
public,sys_auth_api_keys,scopes,ARRAY,YES
public,sys_auth_api_keys,status,USER-DEFINED,YES
public,sys_auth_api_keys,last_used_at,timestamp with time zone,YES
public,sys_auth_api_keys,expires_at,timestamp with time zone,YES
public,sys_auth_api_keys,created_by,uuid,YES
public,sys_auth_api_keys,updated_by,uuid,YES
public,sys_auth_api_keys,created_at,timestamp with time zone,NO
public,sys_auth_api_keys,updated_at,timestamp with time zone,NO
public,sys_auth_api_keys,deleted_at,timestamp with time zone,YES
public,sys_auth_devices,id,uuid,NO
public,sys_auth_devices,user_id,uuid,NO
public,sys_auth_devices,device_id,text,NO
public,sys_auth_devices,device_name,text,YES
public,sys_auth_devices,browser,text,YES
public,sys_auth_devices,os,text,YES
public,sys_auth_devices,ip_address,text,YES
public,sys_auth_devices,is_trusted,boolean,YES
public,sys_auth_devices,last_active,timestamp with time zone,YES
public,sys_auth_devices,created_at,timestamp with time zone,NO
public,sys_auth_devices,updated_at,timestamp with time zone,NO
public,sys_auth_devices,deleted_at,timestamp with time zone,YES
public,sys_auth_login_history,id,uuid,NO
public,sys_auth_login_history,user_id,uuid,YES
public,sys_auth_login_history,login_attempt_at,timestamp with time zone,NO
public,sys_auth_login_history,is_success,boolean,NO
public,sys_auth_login_history,ip_address,text,YES
public,sys_auth_login_history,user_agent,text,YES
public,sys_auth_login_history,location_data,jsonb,YES
public,sys_auth_login_history,failure_reason,text,YES
public,sys_auth_otp,id,uuid,NO
public,sys_auth_otp,user_id,uuid,YES
public,sys_auth_otp,contact,text,NO
public,sys_auth_otp,otp_hash,text,NO
public,sys_auth_otp,purpose,text,NO
public,sys_auth_otp,status,USER-DEFINED,YES
public,sys_auth_otp,expires_at,timestamp with time zone,NO
public,sys_auth_otp,created_at,timestamp with time zone,NO
public,sys_auth_otp,updated_at,timestamp with time zone,NO
public,sys_auth_otp,deleted_at,timestamp with time zone,YES
public,sys_auth_password_resets,id,uuid,NO
public,sys_auth_password_resets,user_id,uuid,NO
public,sys_auth_password_resets,token_hash,text,NO
public,sys_auth_password_resets,ip_address,text,YES
public,sys_auth_password_resets,status,USER-DEFINED,YES
public,sys_auth_password_resets,expires_at,timestamp with time zone,NO
public,sys_auth_password_resets,created_at,timestamp with time zone,NO
public,sys_auth_password_resets,updated_at,timestamp with time zone,NO
public,sys_auth_password_resets,deleted_at,timestamp with time zone,YES
public,sys_auth_refresh_tokens,id,uuid,NO
public,sys_auth_refresh_tokens,session_id,uuid,NO
public,sys_auth_refresh_tokens,token_hash,text,NO
public,sys_auth_refresh_tokens,status,USER-DEFINED,YES
public,sys_auth_refresh_tokens,expires_at,timestamp with time zone,NO
public,sys_auth_refresh_tokens,created_at,timestamp with time zone,NO
public,sys_auth_refresh_tokens,updated_at,timestamp with time zone,NO
public,sys_auth_refresh_tokens,deleted_at,timestamp with time zone,YES
public,sys_auth_sessions,id,uuid,NO
public,sys_auth_sessions,user_id,uuid,NO
public,sys_auth_sessions,device_id,uuid,YES
public,sys_auth_sessions,session_token,text,NO
public,sys_auth_sessions,ip_address,text,YES
public,sys_auth_sessions,user_agent,text,YES
public,sys_auth_sessions,status,USER-DEFINED,YES
public,sys_auth_sessions,expires_at,timestamp with time zone,NO
public,sys_auth_sessions,created_at,timestamp with time zone,NO
public,sys_auth_sessions,updated_at,timestamp with time zone,NO
public,sys_auth_sessions,deleted_at,timestamp with time zone,YES
public,sys_background_jobs,id,uuid,NO
public,sys_background_jobs,org_id,uuid,YES
public,sys_background_jobs,job_type,text,NO
public,sys_background_jobs,payload,jsonb,YES
public,sys_background_jobs,status,text,YES
public,sys_background_jobs,scheduled_for,timestamp with time zone,YES
public,sys_background_jobs,started_at,timestamp with time zone,YES
public,sys_background_jobs,completed_at,timestamp with time zone,YES
public,sys_background_jobs,error_message,text,YES
public,sys_background_jobs,created_at,timestamp with time zone,NO
public,sys_blocked_ips,id,uuid,NO
public,sys_blocked_ips,ip_address,text,NO
public,sys_blocked_ips,reason,text,NO
public,sys_blocked_ips,blocked_at,timestamp with time zone,NO
public,sys_blocked_ips,expires_at,timestamp with time zone,YES
public,sys_blocked_ips,unblocked_at,timestamp with time zone,YES
public,sys_blocked_ips,unblocked_by,uuid,YES
public,sys_blocked_ips,is_active,boolean,YES
public,sys_failed_logins,id,uuid,NO
public,sys_failed_logins,ip_address,text,NO
public,sys_failed_logins,user_agent,text,YES
public,sys_failed_logins,attempted_email,text,YES
public,sys_failed_logins,attempted_at,timestamp with time zone,NO
public,sys_integration_settings,id,uuid,NO
public,sys_integration_settings,org_id,uuid,YES
public,sys_integration_settings,provider,text,NO
public,sys_integration_settings,config_keys,jsonb,NO
public,sys_integration_settings,is_active,boolean,YES
public,sys_integration_settings,created_by,uuid,YES
public,sys_integration_settings,updated_by,uuid,YES
public,sys_integration_settings,created_at,timestamp with time zone,NO
public,sys_integration_settings,updated_at,timestamp with time zone,NO
public,sys_marketplace_audit_logs,id,uuid,NO
public,sys_marketplace_audit_logs,user_id,uuid,NO
public,sys_marketplace_audit_logs,user_type,character varying,NO
public,sys_marketplace_audit_logs,action,character varying,NO
public,sys_marketplace_audit_logs,module,character varying,NO
public,sys_marketplace_audit_logs,before_state,jsonb,YES
public,sys_marketplace_audit_logs,after_state,jsonb,YES
public,sys_marketplace_audit_logs,ip_address,character varying,YES
public,sys_marketplace_audit_logs,device_info,text,YES
public,sys_marketplace_audit_logs,created_at,timestamp with time zone,YES
public,sys_oauth_connections,id,uuid,NO
public,sys_oauth_connections,org_id,uuid,YES
public,sys_oauth_connections,user_id,uuid,YES
public,sys_oauth_connections,provider,text,NO
public,sys_oauth_connections,access_token,text,NO
public,sys_oauth_connections,refresh_token,text,YES
public,sys_oauth_connections,expires_at,timestamp with time zone,YES
public,sys_oauth_connections,scopes,ARRAY,YES
public,sys_oauth_connections,created_at,timestamp with time zone,NO
public,sys_oauth_connections,updated_at,timestamp with time zone,NO
public,sys_permissions,id,uuid,NO
public,sys_permissions,module,text,NO
public,sys_permissions,action,text,NO
public,sys_permissions,description,text,YES
public,sys_permissions,created_by,uuid,YES
public,sys_permissions,updated_by,uuid,YES
public,sys_permissions,created_at,timestamp with time zone,NO
public,sys_permissions,updated_at,timestamp with time zone,NO
public,sys_permissions,deleted_at,timestamp with time zone,YES
public,sys_role_permissions,id,uuid,NO
public,sys_role_permissions,role_id,uuid,NO
public,sys_role_permissions,permission_id,uuid,NO
public,sys_role_permissions,created_by,uuid,YES
public,sys_role_permissions,updated_by,uuid,YES
public,sys_role_permissions,created_at,timestamp with time zone,NO
public,sys_role_permissions,updated_at,timestamp with time zone,NO
public,sys_role_permissions,deleted_at,timestamp with time zone,YES
public,sys_roles,id,uuid,NO
public,sys_roles,org_id,uuid,YES
public,sys_roles,name,text,NO
public,sys_roles,description,text,YES
public,sys_roles,is_system,boolean,YES
public,sys_roles,created_by,uuid,YES
public,sys_roles,updated_by,uuid,YES
public,sys_roles,created_at,timestamp with time zone,NO
public,sys_roles,updated_at,timestamp with time zone,NO
public,sys_roles,deleted_at,timestamp with time zone,YES
public,sys_security_events,id,uuid,NO
public,sys_security_events,org_id,uuid,YES
public,sys_security_events,actor_user_id,uuid,YES
public,sys_security_events,event_type,text,NO
public,sys_security_events,target_user_id,uuid,YES
public,sys_security_events,target_role_id,uuid,YES
public,sys_security_events,description,text,NO
public,sys_security_events,ip_address,text,YES
public,sys_security_events,metadata,jsonb,YES
public,sys_security_events,created_at,timestamp with time zone,NO
public,sys_user_roles,id,uuid,NO
public,sys_user_roles,user_id,uuid,NO
public,sys_user_roles,role_id,uuid,NO
public,sys_user_roles,org_id,uuid,YES
public,sys_user_roles,created_by,uuid,YES
public,sys_user_roles,updated_by,uuid,YES
public,sys_user_roles,created_at,timestamp with time zone,NO
public,sys_user_roles,updated_at,timestamp with time zone,NO
public,sys_user_roles,deleted_at,timestamp with time zone,YES
public,sys_users,id,uuid,NO
public,sys_users,org_id,uuid,YES
public,sys_users,branch_id,uuid,YES
public,sys_users,department_id,uuid,YES
public,sys_users,designation_id,uuid,YES
public,sys_users,employee_code,text,YES
public,sys_users,first_name,text,YES
public,sys_users,last_name,text,YES
public,sys_users,phone,text,YES
public,sys_users,is_active,boolean,YES
public,sys_users,metadata,jsonb,YES
public,sys_users,created_by,uuid,YES
public,sys_users,updated_by,uuid,YES
public,sys_users,created_at,timestamp with time zone,NO
public,sys_users,updated_at,timestamp with time zone,NO
public,sys_users,deleted_at,timestamp with time zone,YES
public,sys_webhooks_outbound,id,uuid,NO
public,sys_webhooks_outbound,org_id,uuid,YES
public,sys_webhooks_outbound,name,text,NO
public,sys_webhooks_outbound,target_url,text,NO
public,sys_webhooks_outbound,secret_token,text,YES
public,sys_webhooks_outbound,event_topics,ARRAY,NO
public,sys_webhooks_outbound,is_active,boolean,YES
public,sys_webhooks_outbound,created_by,uuid,YES
public,sys_webhooks_outbound,created_at,timestamp with time zone,NO
public,sys_webhooks_outbound,updated_at,timestamp with time zone,NO
public,tasks,id,uuid,NO
public,tasks,company_id,uuid,YES
public,tasks,lead_id,uuid,YES
public,tasks,assigned_to,uuid,YES
public,tasks,title,text,NO
public,tasks,description,text,YES
public,tasks,due_at,timestamp with time zone,YES
public,tasks,status,text,NO
public,tasks,priority,text,NO
public,tasks,metadata,jsonb,NO
public,tasks,created_by,uuid,YES
public,tasks,updated_by,uuid,YES
public,tasks,deleted_by,uuid,YES
public,tasks,created_at,timestamp with time zone,NO
public,tasks,updated_at,timestamp with time zone,NO
public,tasks,deleted_at,timestamp with time zone,YES
public,taxes,id,uuid,NO
public,taxes,company_id,uuid,YES
public,taxes,name,text,NO
public,taxes,tax_type,text,NO
public,taxes,rate,numeric,NO
public,taxes,jurisdiction,text,YES
public,taxes,status,USER-DEFINED,NO
public,taxes,metadata,jsonb,NO
public,taxes,created_by,uuid,YES
public,taxes,updated_by,uuid,YES
public,taxes,deleted_by,uuid,YES
public,taxes,created_at,timestamp with time zone,NO
public,taxes,updated_at,timestamp with time zone,NO
public,taxes,deleted_at,timestamp with time zone,YES
public,templates,id,uuid,NO
public,templates,company_id,uuid,YES
public,templates,name,text,NO
public,templates,language,text,NO
public,templates,channel,text,NO
public,templates,content,text,NO
public,templates,variables,jsonb,NO
public,templates,provider_template_id,text,YES
public,templates,status,text,NO
public,templates,metadata,jsonb,NO
public,templates,created_by,uuid,YES
public,templates,updated_by,uuid,YES
public,templates,deleted_by,uuid,YES
public,templates,created_at,timestamp with time zone,NO
public,templates,updated_at,timestamp with time zone,NO
public,templates,deleted_at,timestamp with time zone,YES
public,templates,category,text,YES
public,templates,provider_name,text,YES
public,templates,provider_status,text,YES
public,templates,variable_count,integer,NO
public,templates,last_synced_at,timestamp with time zone,YES
public,templates,rejection_reason,text,YES
public,tenants,id,uuid,NO
public,tenants,company_id,uuid,NO
public,tenants,name,text,NO
public,tenants,slug,text,NO
public,tenants,status,USER-DEFINED,NO
public,tenants,plan,text,YES
public,tenants,limits,jsonb,NO
public,tenants,metadata,jsonb,NO
public,tenants,created_by,uuid,YES
public,tenants,updated_by,uuid,YES
public,tenants,deleted_by,uuid,YES
public,tenants,created_at,timestamp with time zone,NO
public,tenants,updated_at,timestamp with time zone,NO
public,tenants,deleted_at,timestamp with time zone,YES
public,test_coverage_metrics,id,uuid,NO
public,test_coverage_metrics,release_id,uuid,NO
public,test_coverage_metrics,module_name,text,NO
public,test_coverage_metrics,line_coverage_percent,numeric,NO
public,test_coverage_metrics,branch_coverage_percent,numeric,NO
public,test_coverage_metrics,function_coverage_percent,numeric,NO
public,test_coverage_metrics,recorded_at,timestamp with time zone,NO
public,test_results,id,uuid,NO
public,test_results,test_suite_id,uuid,NO
public,test_results,release_id,uuid,YES
public,test_results,status,text,NO
public,test_results,passed_count,integer,NO
public,test_results,failed_count,integer,NO
public,test_results,blocked_count,integer,NO
public,test_results,pending_count,integer,NO
public,test_results,executed_at,timestamp with time zone,NO
public,test_suites,id,uuid,NO
public,test_suites,suite_name,text,NO
public,test_suites,test_type,text,NO
public,test_suites,module_scope,text,NO
public,test_suites,is_automated,boolean,NO
public,test_suites,is_required_for_release,boolean,NO
public,test_suites,created_at,timestamp with time zone,NO
public,upcoming_projects,id,uuid,NO
public,upcoming_projects,company_id,uuid,YES
public,upcoming_projects,title,text,NO
public,upcoming_projects,slug,text,YES
public,upcoming_projects,description,text,YES
public,upcoming_projects,start_date,date,YES
public,upcoming_projects,status,USER-DEFINED,NO
public,upcoming_projects,metadata,jsonb,NO
public,upcoming_projects,created_by,uuid,YES
public,upcoming_projects,updated_by,uuid,YES
public,upcoming_projects,deleted_by,uuid,YES
public,upcoming_projects,created_at,timestamp with time zone,NO
public,upcoming_projects,updated_at,timestamp with time zone,NO
public,upcoming_projects,deleted_at,timestamp with time zone,YES
public,user_area_assignments,id,uuid,NO
public,user_area_assignments,user_id,uuid,NO
public,user_area_assignments,area_pincode_id,uuid,NO
public,user_area_assignments,assignment_type,text,NO
public,user_area_assignments,created_by,uuid,YES
public,user_area_assignments,updated_by,uuid,YES
public,user_area_assignments,deleted_by,uuid,YES
public,user_area_assignments,created_at,timestamp with time zone,NO
public,user_area_assignments,updated_at,timestamp with time zone,NO
public,user_area_assignments,deleted_at,timestamp with time zone,YES
public,user_mfa_status,id,uuid,NO
public,user_mfa_status,user_id,uuid,NO
public,user_mfa_status,mfa_enabled,boolean,NO
public,user_mfa_status,methods,jsonb,NO
public,user_mfa_status,last_verified_at,timestamp with time zone,YES
public,user_mfa_status,metadata,jsonb,NO
public,user_mfa_status,created_by,uuid,YES
public,user_mfa_status,updated_by,uuid,YES
public,user_mfa_status,deleted_by,uuid,YES
public,user_mfa_status,created_at,timestamp with time zone,NO
public,user_mfa_status,updated_at,timestamp with time zone,NO
public,user_mfa_status,deleted_at,timestamp with time zone,YES
public,user_preferences,id,uuid,NO
public,user_preferences,user_id,uuid,NO
public,user_preferences,key,text,NO
public,user_preferences,value,jsonb,NO
public,user_preferences,metadata,jsonb,NO
public,user_preferences,created_by,uuid,YES
public,user_preferences,updated_by,uuid,YES
public,user_preferences,deleted_by,uuid,YES
public,user_preferences,created_at,timestamp with time zone,NO
public,user_preferences,updated_at,timestamp with time zone,NO
public,user_preferences,deleted_at,timestamp with time zone,YES
public,user_roles,id,uuid,NO
public,user_roles,user_id,uuid,NO
public,user_roles,role_id,uuid,NO
public,user_roles,scope_company_id,uuid,YES
public,user_roles,scope_branch_id,uuid,YES
public,user_roles,starts_at,timestamp with time zone,NO
public,user_roles,ends_at,timestamp with time zone,YES
public,user_roles,created_by,uuid,YES
public,user_roles,updated_by,uuid,YES
public,user_roles,deleted_by,uuid,YES
public,user_roles,created_at,timestamp with time zone,NO
public,user_roles,updated_at,timestamp with time zone,NO
public,user_roles,deleted_at,timestamp with time zone,YES
public,user_sessions,id,uuid,NO
public,user_sessions,user_id,uuid,YES
public,user_sessions,session_token_hash,text,NO
public,user_sessions,ip_address,inet,YES
public,user_sessions,user_agent,text,YES
public,user_sessions,device_fingerprint,text,YES
public,user_sessions,expires_at,timestamp with time zone,NO
public,user_sessions,revoked_at,timestamp with time zone,YES
public,user_sessions,metadata,jsonb,NO
public,user_sessions,created_by,uuid,YES
public,user_sessions,updated_by,uuid,YES
public,user_sessions,deleted_by,uuid,YES
public,user_sessions,created_at,timestamp with time zone,NO
public,user_sessions,updated_at,timestamp with time zone,NO
public,user_sessions,deleted_at,timestamp with time zone,YES
public,wab_ai_suggestions,id,uuid,NO
public,wab_ai_suggestions,conversation_id,uuid,NO
public,wab_ai_suggestions,suggested_reply,text,NO
public,wab_ai_suggestions,confidence_score,numeric,YES
public,wab_ai_suggestions,is_used,boolean,YES
public,wab_ai_suggestions,generated_at,timestamp with time zone,NO
public,wab_ai_summaries,id,uuid,NO
public,wab_ai_summaries,conversation_id,uuid,NO
public,wab_ai_summaries,summary_text,text,NO
public,wab_ai_summaries,sentiment_score,numeric,YES
public,wab_ai_summaries,generated_at,timestamp with time zone,NO
public,wab_auto_replies,id,uuid,NO
public,wab_auto_replies,org_id,uuid,YES
public,wab_auto_replies,trigger_keyword,text,YES
public,wab_auto_replies,rule_type,text,NO
public,wab_auto_replies,reply_text,text,NO
public,wab_auto_replies,is_active,boolean,YES
public,wab_auto_replies,created_by,uuid,YES
public,wab_auto_replies,updated_by,uuid,YES
public,wab_auto_replies,created_at,timestamp with time zone,NO
public,wab_auto_replies,updated_at,timestamp with time zone,NO
public,wab_auto_replies,deleted_at,timestamp with time zone,YES
public,wab_broadcast_analytics,id,uuid,NO
public,wab_broadcast_analytics,broadcast_id,uuid,NO
public,wab_broadcast_analytics,total_sent,integer,YES
public,wab_broadcast_analytics,total_delivered,integer,YES
public,wab_broadcast_analytics,total_read,integer,YES
public,wab_broadcast_analytics,total_failed,integer,YES
public,wab_broadcast_analytics,total_replied,integer,YES
public,wab_broadcast_analytics,updated_at,timestamp with time zone,NO
public,wab_broadcasts,id,uuid,NO
public,wab_broadcasts,campaign_id,uuid,YES
public,wab_broadcasts,template_id,uuid,NO
public,wab_broadcasts,target_group_id,uuid,YES
public,wab_broadcasts,status,text,YES
public,wab_broadcasts,scheduled_for,timestamp with time zone,NO
public,wab_broadcasts,created_by,uuid,YES
public,wab_broadcasts,updated_by,uuid,YES
public,wab_broadcasts,created_at,timestamp with time zone,NO
public,wab_broadcasts,updated_at,timestamp with time zone,NO
public,wab_broadcasts,deleted_at,timestamp with time zone,YES
public,wab_campaigns,id,uuid,NO
public,wab_campaigns,org_id,uuid,YES
public,wab_campaigns,name,text,NO
public,wab_campaigns,description,text,YES
public,wab_campaigns,status,text,YES
public,wab_campaigns,created_by,uuid,YES
public,wab_campaigns,updated_by,uuid,YES
public,wab_campaigns,created_at,timestamp with time zone,NO
public,wab_campaigns,updated_at,timestamp with time zone,NO
public,wab_campaigns,deleted_at,timestamp with time zone,YES
public,wab_conversation_assignments,id,uuid,NO
public,wab_conversation_assignments,conversation_id,uuid,NO
public,wab_conversation_assignments,assigned_to_user,uuid,YES
public,wab_conversation_assignments,assigned_to_team,uuid,YES
public,wab_conversation_assignments,assigned_by,uuid,YES
public,wab_conversation_assignments,is_active,boolean,YES
public,wab_conversation_assignments,created_at,timestamp with time zone,NO
public,wab_conversations,id,uuid,NO
public,wab_conversations,org_id,uuid,YES
public,wab_conversations,customer_phone,text,NO
public,wab_conversations,customer_id,uuid,YES
public,wab_conversations,waba_phone_id,text,NO
public,wab_conversations,status,USER-DEFINED,YES
public,wab_conversations,priority,USER-DEFINED,YES
public,wab_conversations,queue_id,uuid,YES
public,wab_conversations,last_message_at,timestamp with time zone,NO
public,wab_conversations,last_message_snippet,text,YES
public,wab_conversations,unread_count,integer,YES
public,wab_conversations,created_by,uuid,YES
public,wab_conversations,updated_by,uuid,YES
public,wab_conversations,created_at,timestamp with time zone,NO
public,wab_conversations,updated_at,timestamp with time zone,NO
public,wab_conversations,deleted_at,timestamp with time zone,YES
public,wab_customer_timeline,id,uuid,NO
public,wab_customer_timeline,conversation_id,uuid,NO
public,wab_customer_timeline,event_type,text,NO
public,wab_customer_timeline,description,text,NO
public,wab_customer_timeline,metadata,jsonb,YES
public,wab_customer_timeline,created_by,uuid,YES
public,wab_customer_timeline,created_at,timestamp with time zone,NO
public,wab_departments,id,uuid,NO
public,wab_departments,org_id,uuid,YES
public,wab_departments,name,text,NO
public,wab_departments,description,text,YES
public,wab_departments,created_by,uuid,YES
public,wab_departments,updated_by,uuid,YES
public,wab_departments,created_at,timestamp with time zone,NO
public,wab_departments,updated_at,timestamp with time zone,NO
public,wab_departments,deleted_at,timestamp with time zone,YES
public,wab_internal_notes,id,uuid,NO
public,wab_internal_notes,conversation_id,uuid,NO
public,wab_internal_notes,note,text,NO
public,wab_internal_notes,created_by,uuid,YES
public,wab_internal_notes,updated_by,uuid,YES
public,wab_internal_notes,created_at,timestamp with time zone,NO
public,wab_internal_notes,updated_at,timestamp with time zone,NO
public,wab_internal_notes,deleted_at,timestamp with time zone,YES
public,wab_knowledge_base,id,uuid,NO
public,wab_knowledge_base,org_id,uuid,YES
public,wab_knowledge_base,title,text,NO
public,wab_knowledge_base,content,text,NO
public,wab_knowledge_base,is_active,boolean,YES
public,wab_knowledge_base,created_by,uuid,YES
public,wab_knowledge_base,updated_by,uuid,YES
public,wab_knowledge_base,created_at,timestamp with time zone,NO
public,wab_knowledge_base,updated_at,timestamp with time zone,NO
public,wab_knowledge_base,deleted_at,timestamp with time zone,YES
public,wab_labels,id,uuid,NO
public,wab_labels,org_id,uuid,YES
public,wab_labels,name,text,NO
public,wab_labels,color_hex,text,YES
public,wab_labels,created_by,uuid,YES
public,wab_labels,created_at,timestamp with time zone,NO
public,wab_media,id,uuid,NO
public,wab_media,message_id,uuid,YES
public,wab_media,waba_media_id,text,YES
public,wab_media,file_type,text,NO
public,wab_media,file_url,text,NO
public,wab_media,file_size_bytes,bigint,YES
public,wab_media,caption,text,YES
public,wab_media,created_at,timestamp with time zone,NO
public,wab_message_queue,id,uuid,NO
public,wab_message_queue,org_id,uuid,YES
public,wab_message_queue,payload,jsonb,NO
public,wab_message_queue,target_phone,text,NO
public,wab_message_queue,scheduled_for,timestamp with time zone,NO
public,wab_message_queue,priority,integer,YES
public,wab_message_queue,status,text,YES
public,wab_message_queue,retry_count,integer,YES
public,wab_message_queue,created_at,timestamp with time zone,NO
public,wab_message_queue,updated_at,timestamp with time zone,NO
public,wab_message_status,id,uuid,NO
public,wab_message_status,message_id,uuid,NO
public,wab_message_status,waba_message_id,text,NO
public,wab_message_status,status,USER-DEFINED,NO
public,wab_message_status,error_code,text,YES
public,wab_message_status,error_description,text,YES
public,wab_message_status,timestamp,timestamp with time zone,NO
public,wab_messages,id,uuid,NO
public,wab_messages,conversation_id,uuid,NO
public,wab_messages,waba_message_id,text,YES
public,wab_messages,direction,USER-DEFINED,NO
public,wab_messages,message_type,text,NO
public,wab_messages,content_text,text,YES
public,wab_messages,content_json,jsonb,YES
public,wab_messages,sent_by,uuid,YES
public,wab_messages,is_deleted,boolean,YES
public,wab_messages,created_at,timestamp with time zone,NO
public,wab_queues,id,uuid,NO
public,wab_queues,org_id,uuid,YES
public,wab_queues,team_id,uuid,YES
public,wab_queues,name,text,NO
public,wab_queues,routing_strategy,text,YES
public,wab_queues,created_by,uuid,YES
public,wab_queues,updated_by,uuid,YES
public,wab_queues,created_at,timestamp with time zone,NO
public,wab_queues,updated_at,timestamp with time zone,NO
public,wab_queues,deleted_at,timestamp with time zone,YES
public,wab_tags,id,uuid,NO
public,wab_tags,conversation_id,uuid,NO
public,wab_tags,label_id,uuid,NO
public,wab_tags,created_by,uuid,YES
public,wab_tags,created_at,timestamp with time zone,NO
public,wab_teams,id,uuid,NO
public,wab_teams,department_id,uuid,NO
public,wab_teams,name,text,NO
public,wab_teams,created_by,uuid,YES
public,wab_teams,updated_by,uuid,YES
public,wab_teams,created_at,timestamp with time zone,NO
public,wab_teams,updated_at,timestamp with time zone,NO
public,wab_teams,deleted_at,timestamp with time zone,YES
public,wab_templates,id,uuid,NO
public,wab_templates,org_id,uuid,YES
public,wab_templates,waba_template_id,text,NO
public,wab_templates,name,text,NO
public,wab_templates,category,text,NO
public,wab_templates,language,text,NO
public,wab_templates,status,text,YES
public,wab_templates,components,jsonb,NO
public,wab_templates,created_by,uuid,YES
public,wab_templates,updated_by,uuid,YES
public,wab_templates,created_at,timestamp with time zone,NO
public,wab_templates,updated_at,timestamp with time zone,NO
public,wab_templates,deleted_at,timestamp with time zone,YES
public,wab_webhook_logs,id,uuid,NO
public,wab_webhook_logs,org_id,uuid,YES
public,wab_webhook_logs,payload,jsonb,NO
public,wab_webhook_logs,event_type,text,YES
public,wab_webhook_logs,processed,boolean,YES
public,wab_webhook_logs,error_message,text,YES
public,wab_webhook_logs,created_at,timestamp with time zone,NO
public,waba_automation_actions,id,uuid,NO
public,waba_automation_actions,rule_id,uuid,YES
public,waba_automation_actions,action_type,character varying,NO
public,waba_automation_actions,action_payload,jsonb,NO
public,waba_automation_actions,execution_order,integer,YES
public,waba_automation_actions,created_at,timestamp with time zone,NO
public,waba_automation_conditions,id,uuid,NO
public,waba_automation_conditions,rule_id,uuid,YES
public,waba_automation_conditions,field,character varying,NO
public,waba_automation_conditions,operator,character varying,NO
public,waba_automation_conditions,value,text,YES
public,waba_automation_conditions,created_at,timestamp with time zone,NO
public,waba_automation_rules,id,uuid,NO
public,waba_automation_rules,name,character varying,NO
public,waba_automation_rules,description,text,YES
public,waba_automation_rules,is_active,boolean,YES
public,waba_automation_rules,priority,integer,YES
public,waba_automation_rules,match_type,character varying,YES
public,waba_automation_rules,created_at,timestamp with time zone,NO
public,waba_automation_rules,updated_at,timestamp with time zone,NO
public,waba_contact_consent,phone,text,NO
public,waba_contact_consent,opted_in,boolean,NO
public,waba_contact_consent,source,text,NO
public,waba_contact_consent,last_opt_in_at,timestamp with time zone,YES
public,waba_contact_consent,opted_out_at,timestamp with time zone,YES
public,waba_contact_consent,updated_at,timestamp with time zone,NO
public,waba_conversation_notes,id,uuid,NO
public,waba_conversation_notes,sender_number,text,NO
public,waba_conversation_notes,note,text,NO
public,waba_conversation_notes,author_id,text,YES
public,waba_conversation_notes,author_name,text,YES
public,waba_conversation_notes,created_at,timestamp with time zone,NO
public,waba_message_status_events,id,uuid,NO
public,waba_message_status_events,message_id,text,NO
public,waba_message_status_events,status,text,NO
public,waba_message_status_events,occurred_at,timestamp with time zone,NO
public,waba_message_status_events,provider_payload,jsonb,NO
public,waba_message_status_events,created_at,timestamp with time zone,NO
public,warehouses,id,uuid,NO
public,warehouses,company_id,uuid,NO
public,warehouses,branch_id,uuid,YES
public,warehouses,code,text,NO
public,warehouses,name,text,NO
public,warehouses,address,jsonb,NO
public,warehouses,type,text,NO
public,warehouses,status,USER-DEFINED,NO
public,warehouses,metadata,jsonb,NO
public,warehouses,created_by,uuid,YES
public,warehouses,updated_by,uuid,YES
public,warehouses,deleted_by,uuid,YES
public,warehouses,created_at,timestamp with time zone,NO
public,warehouses,updated_at,timestamp with time zone,NO
public,warehouses,deleted_at,timestamp with time zone,YES
public,warranties,id,uuid,NO
public,warranties,company_id,uuid,YES
public,warranties,customer_id,uuid,YES
public,warranties,product_id,uuid,YES
public,warranties,inventory_item_id,uuid,YES
public,warranties,order_id,uuid,YES
public,warranties,warranty_number,text,YES
public,warranties,starts_at,date,NO
public,warranties,ends_at,date,NO
public,warranties,status,text,NO
public,warranties,terms,text,YES
public,warranties,metadata,jsonb,NO
public,warranties,created_by,uuid,YES
public,warranties,updated_by,uuid,YES
public,warranties,deleted_by,uuid,YES
public,warranties,created_at,timestamp with time zone,NO
public,warranties,updated_at,timestamp with time zone,NO
public,warranties,deleted_at,timestamp with time zone,YES
public,webhook_delivery_logs,id,uuid,NO
public,webhook_delivery_logs,subscription_id,uuid,NO
public,webhook_delivery_logs,event_name,text,NO
public,webhook_delivery_logs,payload_hash,text,NO
public,webhook_delivery_logs,http_status,integer,YES
public,webhook_delivery_logs,attempt_number,integer,NO
public,webhook_delivery_logs,delivered_at,timestamp with time zone,YES
public,webhook_delivery_logs,next_retry_at,timestamp with time zone,YES
public,webhook_delivery_logs,status,text,NO
public,webhook_delivery_logs,error_message,text,YES
public,webhook_delivery_logs,created_at,timestamp with time zone,NO
public,webhook_events,id,uuid,NO
public,webhook_events,event_id,text,YES
public,webhook_events,source,text,YES
public,webhook_events,event_type,text,NO
public,webhook_events,payload,jsonb,NO
public,webhook_events,success,boolean,NO
public,webhook_events,error,text,YES
public,webhook_events,duration_ms,integer,YES
public,webhook_events,processed_at,timestamp with time zone,YES
public,webhook_events,metadata,jsonb,NO
public,webhook_events,created_by,uuid,YES
public,webhook_events,updated_by,uuid,YES
public,webhook_events,deleted_by,uuid,YES
public,webhook_events,created_at,timestamp with time zone,NO
public,webhook_events,updated_at,timestamp with time zone,NO
public,webhook_events,deleted_at,timestamp with time zone,YES
public,webhook_stats,id,uuid,NO
public,webhook_stats,source,text,NO
public,webhook_stats,event_type,text,NO
public,webhook_stats,date_bucket,date,NO
public,webhook_stats,success_count,bigint,NO
public,webhook_stats,failure_count,bigint,NO
public,webhook_stats,avg_duration_ms,numeric,YES
public,webhook_stats,metadata,jsonb,NO
public,webhook_stats,created_by,uuid,YES
public,webhook_stats,updated_by,uuid,YES
public,webhook_stats,deleted_by,uuid,YES
public,webhook_stats,created_at,timestamp with time zone,NO
public,webhook_stats,updated_at,timestamp with time zone,NO
public,webhook_stats,deleted_at,timestamp with time zone,YES
public,webhook_subscriptions,id,uuid,NO
public,webhook_subscriptions,client_id,uuid,NO
public,webhook_subscriptions,callback_url,text,NO
public,webhook_subscriptions,secret,text,NO
public,webhook_subscriptions,headers,jsonb,NO
public,webhook_subscriptions,events,ARRAY,NO
public,webhook_subscriptions,max_retries,integer,NO
public,webhook_subscriptions,status,text,NO
public,webhook_subscriptions,created_at,timestamp with time zone,NO
public,webmail_accounts,id,uuid,NO
public,webmail_accounts,company_id,uuid,YES
public,webmail_accounts,user_id,uuid,YES
public,webmail_accounts,email,USER-DEFINED,NO
public,webmail_accounts,display_name,text,YES
public,webmail_accounts,provider,text,YES
public,webmail_accounts,encrypted_credentials,bytea,YES
public,webmail_accounts,status,USER-DEFINED,NO
public,webmail_accounts,metadata,jsonb,NO
public,webmail_accounts,created_by,uuid,YES
public,webmail_accounts,updated_by,uuid,YES
public,webmail_accounts,deleted_by,uuid,YES
public,webmail_accounts,created_at,timestamp with time zone,NO
public,webmail_accounts,updated_at,timestamp with time zone,NO
public,webmail_accounts,deleted_at,timestamp with time zone,YES
public,webmail_messages,id,uuid,NO
public,webmail_messages,account_id,uuid,NO
public,webmail_messages,provider_message_id,text,YES
public,webmail_messages,folder,text,NO
public,webmail_messages,from_email,USER-DEFINED,YES
public,webmail_messages,to_emails,ARRAY,NO
public,webmail_messages,subject,text,YES
public,webmail_messages,body_text,text,YES
public,webmail_messages,body_html,text,YES
public,webmail_messages,received_at,timestamp with time zone,YES
public,webmail_messages,sent_at,timestamp with time zone,YES
public,webmail_messages,read_at,timestamp with time zone,YES
public,webmail_messages,metadata,jsonb,NO
public,webmail_messages,created_by,uuid,YES
public,webmail_messages,updated_by,uuid,YES
public,webmail_messages,deleted_by,uuid,YES
public,webmail_messages,created_at,timestamp with time zone,NO
public,webmail_messages,updated_at,timestamp with time zone,NO
public,webmail_messages,deleted_at,timestamp with time zone,YES
public,website_settings,id,uuid,NO
public,website_settings,company_id,uuid,YES
public,website_settings,site_key,text,NO
public,website_settings,config,jsonb,NO
public,website_settings,metadata,jsonb,NO
public,website_settings,created_by,uuid,YES
public,website_settings,updated_by,uuid,YES
public,website_settings,deleted_by,uuid,YES
public,website_settings,created_at,timestamp with time zone,NO
public,website_settings,updated_at,timestamp with time zone,NO
public,website_settings,deleted_at,timestamp with time zone,YES
public,whatsapp_conversations,id,uuid,NO
public,whatsapp_conversations,company_id,uuid,YES
public,whatsapp_conversations,customer_id,uuid,YES
public,whatsapp_conversations,sender_number,text,NO
public,whatsapp_conversations,contact_name,text,YES
public,whatsapp_conversations,address,text,YES
public,whatsapp_conversations,pincode,text,YES
public,whatsapp_conversations,status,text,NO
public,whatsapp_conversations,priority,text,NO
public,whatsapp_conversations,tags,ARRAY,NO
public,whatsapp_conversations,notes,text,YES
public,whatsapp_conversations,ad_source,text,YES
public,whatsapp_conversations,assigned_to,uuid,YES
public,whatsapp_conversations,department,text,NO
public,whatsapp_conversations,sla_breach_at,timestamp with time zone,YES
public,whatsapp_conversations,last_interaction_timestamp,timestamp with time zone,NO
public,whatsapp_conversations,metadata,jsonb,NO
public,whatsapp_conversations,created_by,uuid,YES
public,whatsapp_conversations,updated_by,uuid,YES
public,whatsapp_conversations,deleted_by,uuid,YES
public,whatsapp_conversations,created_at,timestamp with time zone,NO
public,whatsapp_conversations,updated_at,timestamp with time zone,NO
public,whatsapp_conversations,deleted_at,timestamp with time zone,YES
public,whatsapp_conversations,ai_active,boolean,NO
public,whatsapp_conversations,deal_value,text,YES
public,whatsapp_conversations,active_flow,text,YES
public,whatsapp_media,id,uuid,NO
public,whatsapp_media,company_id,uuid,YES
public,whatsapp_media,message_id,uuid,YES
public,whatsapp_media,provider_media_id,text,YES
public,whatsapp_media,url,text,NO
public,whatsapp_media,media_type,text,YES
public,whatsapp_media,mime_type,text,YES
public,whatsapp_media,size_bytes,bigint,YES
public,whatsapp_media,metadata,jsonb,NO
public,whatsapp_media,created_by,uuid,YES
public,whatsapp_media,updated_by,uuid,YES
public,whatsapp_media,deleted_by,uuid,YES
public,whatsapp_media,created_at,timestamp with time zone,NO
public,whatsapp_media,updated_at,timestamp with time zone,NO
public,whatsapp_media,deleted_at,timestamp with time zone,YES
public,wishlist_items,id,uuid,NO
public,wishlist_items,user_id,uuid,NO
public,wishlist_items,product_id,text,NO
public,wishlist_items,added_at,timestamp with time zone,NO
public,wishlists,id,uuid,NO
public,wishlists,user_id,uuid,YES
public,wishlists,customer_id,uuid,YES
public,wishlists,product_id,uuid,NO
public,wishlists,metadata,jsonb,NO
public,wishlists,created_by,uuid,YES
public,wishlists,updated_by,uuid,YES
public,wishlists,deleted_by,uuid,YES
public,wishlists,created_at,timestamp with time zone,NO
public,wishlists,updated_at,timestamp with time zone,NO
public,wishlists,deleted_at,timestamp with time zone,YES
public,wms_pickup_requests,id,uuid,NO
public,wms_pickup_requests,order_id,uuid,NO
public,wms_pickup_requests,seller_id,uuid,YES
public,wms_pickup_requests,warehouse_id,uuid,YES
public,wms_pickup_requests,status,character varying,YES
public,wms_pickup_requests,pickup_date,timestamp with time zone,YES
public,wms_pickup_requests,otp_code,character varying,YES
public,wms_pickup_requests,qr_code,text,YES
public,wms_pickup_requests,created_at,timestamp with time zone,YES
public,wms_pickup_requests,updated_at,timestamp with time zone,YES
public,wms_quality_checks,id,uuid,NO
public,wms_quality_checks,order_item_id,uuid,NO
public,wms_quality_checks,warehouse_id,uuid,YES
public,wms_quality_checks,inspector_id,uuid,YES
public,wms_quality_checks,status,character varying,YES
public,wms_quality_checks,remarks,text,YES
public,wms_quality_checks,checked_at,timestamp with time zone,YES
public,wms_warehouses,id,uuid,NO
public,wms_warehouses,name,character varying,NO
public,wms_warehouses,code,character varying,NO
public,wms_warehouses,type,character varying,YES
public,wms_warehouses,address,text,NO
public,wms_warehouses,city,character varying,NO
public,wms_warehouses,state,character varying,NO
public,wms_warehouses,pincode,character varying,NO
public,wms_warehouses,capacity,integer,YES
public,wms_warehouses,manager_name,character varying,YES
public,wms_warehouses,manager_phone,character varying,YES
public,wms_warehouses,is_active,boolean,YES
public,wms_warehouses,created_at,timestamp with time zone,YES
realtime,messages,topic,text,NO
realtime,messages,extension,text,NO
realtime,messages,payload,jsonb,YES
realtime,messages,event,text,YES
realtime,messages,private,boolean,YES
realtime,messages,updated_at,timestamp without time zone,NO
realtime,messages,inserted_at,timestamp without time zone,NO
realtime,messages,id,uuid,NO
realtime,messages,binary_payload,bytea,YES
realtime,messages_2026_07_03,topic,text,NO
realtime,messages_2026_07_03,extension,text,NO
realtime,messages_2026_07_03,payload,jsonb,YES
realtime,messages_2026_07_03,event,text,YES
realtime,messages_2026_07_03,private,boolean,YES
realtime,messages_2026_07_03,updated_at,timestamp without time zone,NO
realtime,messages_2026_07_03,inserted_at,timestamp without time zone,NO
realtime,messages_2026_07_03,id,uuid,NO
realtime,messages_2026_07_03,binary_payload,bytea,YES
realtime,messages_2026_07_04,topic,text,NO
realtime,messages_2026_07_04,extension,text,NO
realtime,messages_2026_07_04,payload,jsonb,YES
realtime,messages_2026_07_04,event,text,YES
realtime,messages_2026_07_04,private,boolean,YES
realtime,messages_2026_07_04,updated_at,timestamp without time zone,NO
realtime,messages_2026_07_04,inserted_at,timestamp without time zone,NO
realtime,messages_2026_07_04,id,uuid,NO
realtime,messages_2026_07_04,binary_payload,bytea,YES
realtime,messages_2026_07_05,topic,text,NO
realtime,messages_2026_07_05,extension,text,NO
realtime,messages_2026_07_05,payload,jsonb,YES
realtime,messages_2026_07_05,event,text,YES
realtime,messages_2026_07_05,private,boolean,YES
realtime,messages_2026_07_05,updated_at,timestamp without time zone,NO
realtime,messages_2026_07_05,inserted_at,timestamp without time zone,NO
realtime,messages_2026_07_05,id,uuid,NO
realtime,messages_2026_07_05,binary_payload,bytea,YES
realtime,messages_2026_07_06,topic,text,NO
realtime,messages_2026_07_06,extension,text,NO
realtime,messages_2026_07_06,payload,jsonb,YES
realtime,messages_2026_07_06,event,text,YES
realtime,messages_2026_07_06,private,boolean,YES
realtime,messages_2026_07_06,updated_at,timestamp without time zone,NO
realtime,messages_2026_07_06,inserted_at,timestamp without time zone,NO
realtime,messages_2026_07_06,id,uuid,NO
realtime,messages_2026_07_06,binary_payload,bytea,YES
realtime,messages_2026_07_07,topic,text,NO
realtime,messages_2026_07_07,extension,text,NO
realtime,messages_2026_07_07,payload,jsonb,YES
realtime,messages_2026_07_07,event,text,YES
realtime,messages_2026_07_07,private,boolean,YES
realtime,messages_2026_07_07,updated_at,timestamp without time zone,NO
realtime,messages_2026_07_07,inserted_at,timestamp without time zone,NO
realtime,messages_2026_07_07,id,uuid,NO
realtime,messages_2026_07_07,binary_payload,bytea,YES
realtime,schema_migrations,version,bigint,NO
realtime,schema_migrations,inserted_at,timestamp without time zone,YES
realtime,subscription,id,bigint,NO
realtime,subscription,subscription_id,uuid,NO
realtime,subscription,entity,regclass,NO
realtime,subscription,filters,ARRAY,NO
realtime,subscription,claims,jsonb,NO
realtime,subscription,claims_role,regrole,NO
realtime,subscription,created_at,timestamp without time zone,NO
realtime,subscription,action_filter,text,YES
realtime,subscription,selected_columns,ARRAY,YES
storage,buckets,id,text,NO
storage,buckets,name,text,NO
storage,buckets,owner,uuid,YES
storage,buckets,created_at,timestamp with time zone,YES
storage,buckets,updated_at,timestamp with time zone,YES
storage,buckets,public,boolean,YES
storage,buckets,avif_autodetection,boolean,YES
storage,buckets,file_size_limit,bigint,YES
storage,buckets,allowed_mime_types,ARRAY,YES
storage,buckets,owner_id,text,YES
storage,buckets,type,USER-DEFINED,NO
storage,buckets_analytics,name,text,NO
storage,buckets_analytics,type,USER-DEFINED,NO
storage,buckets_analytics,format,text,NO
storage,buckets_analytics,created_at,timestamp with time zone,NO
storage,buckets_analytics,updated_at,timestamp with time zone,NO
storage,buckets_analytics,id,uuid,NO
storage,buckets_analytics,deleted_at,timestamp with time zone,YES
storage,buckets_vectors,id,text,NO
storage,buckets_vectors,type,USER-DEFINED,NO
storage,buckets_vectors,created_at,timestamp with time zone,NO
storage,buckets_vectors,updated_at,timestamp with time zone,NO
storage,migrations,id,integer,NO
storage,migrations,name,character varying,NO
storage,migrations,hash,character varying,NO
storage,migrations,executed_at,timestamp without time zone,YES
storage,objects,id,uuid,NO
storage,objects,bucket_id,text,YES
storage,objects,name,text,YES
storage,objects,owner,uuid,YES
storage,objects,created_at,timestamp with time zone,YES
storage,objects,updated_at,timestamp with time zone,YES
storage,objects,last_accessed_at,timestamp with time zone,YES
storage,objects,metadata,jsonb,YES
storage,objects,path_tokens,ARRAY,YES
storage,objects,version,text,YES
storage,objects,owner_id,text,YES
storage,objects,user_metadata,jsonb,YES
storage,s3_multipart_uploads,id,text,NO
storage,s3_multipart_uploads,in_progress_size,bigint,NO
storage,s3_multipart_uploads,upload_signature,text,NO
storage,s3_multipart_uploads,bucket_id,text,NO
storage,s3_multipart_uploads,key,text,NO
storage,s3_multipart_uploads,version,text,NO
storage,s3_multipart_uploads,owner_id,text,YES
storage,s3_multipart_uploads,created_at,timestamp with time zone,NO
storage,s3_multipart_uploads,user_metadata,jsonb,YES
storage,s3_multipart_uploads,metadata,jsonb,YES
storage,s3_multipart_uploads_parts,id,uuid,NO
storage,s3_multipart_uploads_parts,upload_id,text,NO
storage,s3_multipart_uploads_parts,size,bigint,NO
storage,s3_multipart_uploads_parts,part_number,integer,NO
storage,s3_multipart_uploads_parts,bucket_id,text,NO
storage,s3_multipart_uploads_parts,key,text,NO
storage,s3_multipart_uploads_parts,etag,text,NO
storage,s3_multipart_uploads_parts,owner_id,text,YES
storage,s3_multipart_uploads_parts,version,text,NO
storage,s3_multipart_uploads_parts,created_at,timestamp with time zone,NO
storage,vector_indexes,id,text,NO
storage,vector_indexes,name,text,NO
storage,vector_indexes,bucket_id,text,NO
storage,vector_indexes,data_type,text,NO
storage,vector_indexes,dimension,integer,NO
storage,vector_indexes,distance_metric,text,NO
storage,vector_indexes,metadata_configuration,jsonb,YES
storage,vector_indexes,created_at,timestamp with time zone,NO
storage,vector_indexes,updated_at,timestamp with time zone,NO
vault,secrets,id,uuid,NO
vault,secrets,name,text,YES
vault,secrets,description,text,NO
vault,secrets,secret,text,NO
vault,secrets,key_id,uuid,YES
vault,secrets,nonce,bytea,YES
vault,secrets,created_at,timestamp with time zone,NO
vault,secrets,updated_at,timestamp with time zone,NO